"id","name","ancestry","created_at","updated_at"
1,"レディース",,"2019-09-23 11:16:30","2019-09-23 11:16:30"
2,"トップス",1,"2019-09-23 11:16:30","2019-09-23 11:16:30"
3,"Tシャツ/カットソー(半袖/袖なし)","1/2","2019-09-23 11:16:30","2019-09-23 11:16:30"
4,"Tシャツ/カットソー(七分/長袖)","1/2","2019-09-23 11:16:30","2019-09-23 11:16:30"
5,"シャツ/ブラウス(半袖/袖なし)","1/2","2019-09-23 11:16:30","2019-09-23 11:16:30"
6,"シャツ/ブラウス(七分/長袖)","1/2","2019-09-23 11:16:30","2019-09-23 11:16:30"
7,"ポロシャツ","1/2","2019-09-23 11:16:30","2019-09-23 11:16:30"
8,"キャミソール","1/2","2019-09-23 11:16:30","2019-09-23 11:16:30"
9,"タンクトップ","1/2","2019-09-23 11:16:30","2019-09-23 11:16:30"
10,"ホルターネック","1/2","2019-09-23 11:16:30","2019-09-23 11:16:30"
11,"ニット/セーター","1/2","2019-09-23 11:16:30","2019-09-23 11:16:30"
12,"チュニック","1/2","2019-09-23 11:16:30","2019-09-23 11:16:30"
13,"カーディガン/ボレロ","1/2","2019-09-23 11:16:30","2019-09-23 11:16:30"
14,"アンサンブル","1/2","2019-09-23 11:16:31","2019-09-23 11:16:31"
15,"ベスト/ジレ","1/2","2019-09-23 11:16:31","2019-09-23 11:16:31"
16,"パーカー","1/2","2019-09-23 11:16:31","2019-09-23 11:16:31"
17,"トレーナー/スウェット","1/2","2019-09-23 11:16:31","2019-09-23 11:16:31"
18,"ベアトップ/チューブトップ","1/2","2019-09-23 11:16:31","2019-09-23 11:16:31"
19,"ジャージ","1/2","2019-09-23 11:16:31","2019-09-23 11:16:31"
20,"その他","1/2","2019-09-23 11:16:31","2019-09-23 11:16:31"
21,"ジャケット/アウター",1,"2019-09-23 11:16:31","2019-09-23 11:16:31"
22,"テーラードジャケット","1/21","2019-09-23 11:16:31","2019-09-23 11:16:31"
23,"ノーカラージャケット","1/21","2019-09-23 11:16:31","2019-09-23 11:16:31"
24,"Gジャン/デニムジャケット","1/21","2019-09-23 11:16:31","2019-09-23 11:16:31"
25,"レザージャケット","1/21","2019-09-23 11:16:31","2019-09-23 11:16:31"
26,"ダウンジャケット","1/21","2019-09-23 11:16:31","2019-09-23 11:16:31"
27,"ライダースジャケット","1/21","2019-09-23 11:16:31","2019-09-23 11:16:31"
28,"ミリタリージャケット","1/21","2019-09-23 11:16:31","2019-09-23 11:16:31"
29,"ダウンベスト","1/21","2019-09-23 11:16:31","2019-09-23 11:16:31"
30,"ジャンパー/ブルゾン","1/21","2019-09-23 11:16:31","2019-09-23 11:16:31"
31,"ポンチョ","1/21","2019-09-23 11:16:31","2019-09-23 11:16:31"
32,"ロングコート","1/21","2019-09-23 11:16:31","2019-09-23 11:16:31"
33,"トレンチコート","1/21","2019-09-23 11:16:31","2019-09-23 11:16:31"
34,"ダッフルコート","1/21","2019-09-23 11:16:31","2019-09-23 11:16:31"
35,"ピーコート","1/21","2019-09-23 11:16:31","2019-09-23 11:16:31"
36,"チェスターコート","1/21","2019-09-23 11:16:31","2019-09-23 11:16:31"
37,"モッズコート","1/21","2019-09-23 11:16:31","2019-09-23 11:16:31"
38,"スタジャン","1/21","2019-09-23 11:16:31","2019-09-23 11:16:31"
39,"毛皮/ファーコート","1/21","2019-09-23 11:16:31","2019-09-23 11:16:31"
40,"スプリングコート","1/21","2019-09-23 11:16:31","2019-09-23 11:16:31"
41,"スカジャン","1/21","2019-09-23 11:16:31","2019-09-23 11:16:31"
42,"その他","1/21","2019-09-23 11:16:31","2019-09-23 11:16:31"
43,"パンツ",1,"2019-09-23 11:16:31","2019-09-23 11:16:31"
44,"デニム/ジーンズ","1/43","2019-09-23 11:16:31","2019-09-23 11:16:31"
45,"ショートパンツ","1/43","2019-09-23 11:16:31","2019-09-23 11:16:31"
46,"カジュアルパンツ","1/43","2019-09-23 11:16:31","2019-09-23 11:16:31"
47,"ハーフパンツ","1/43","2019-09-23 11:16:31","2019-09-23 11:16:31"
48,"チノパン","1/43","2019-09-23 11:16:31","2019-09-23 11:16:31"
49,"ワークパンツ/カーゴパンツ","1/43","2019-09-23 11:16:31","2019-09-23 11:16:31"
50,"クロップドパンツ","1/43","2019-09-23 11:16:31","2019-09-23 11:16:31"
51,"サロペット/オーバーオール","1/43","2019-09-23 11:16:31","2019-09-23 11:16:31"
52,"オールインワン","1/43","2019-09-23 11:16:31","2019-09-23 11:16:31"
53,"サルエルパンツ","1/43","2019-09-23 11:16:31","2019-09-23 11:16:31"
54,"ガウチョパンツ","1/43","2019-09-23 11:16:32","2019-09-23 11:16:32"
55,"その他","1/43","2019-09-23 11:16:32","2019-09-23 11:16:32"
56,"スカート",1,"2019-09-23 11:16:32","2019-09-23 11:16:32"
57,"ミニスカート","1/56","2019-09-23 11:16:32","2019-09-23 11:16:32"
58,"ひざ丈スカート","1/56","2019-09-23 11:16:32","2019-09-23 11:16:32"
59,"ロングスカート","1/56","2019-09-23 11:16:32","2019-09-23 11:16:32"
60,"キュロット","1/56","2019-09-23 11:16:32","2019-09-23 11:16:32"
61,"その他","1/56","2019-09-23 11:16:32","2019-09-23 11:16:32"
62,"ワンピース",1,"2019-09-23 11:16:32","2019-09-23 11:16:32"
63,"ミニワンピース","1/62","2019-09-23 11:16:32","2019-09-23 11:16:32"
64,"ひざ丈ワンピース","1/62","2019-09-23 11:16:32","2019-09-23 11:16:32"
65,"ロングワンピース","1/62","2019-09-23 11:16:32","2019-09-23 11:16:32"
66,"その他","1/62","2019-09-23 11:16:32","2019-09-23 11:16:32"
67,"靴",1,"2019-09-23 11:16:32","2019-09-23 11:16:32"
68,"ハイヒール/パンプス","1/67","2019-09-23 11:16:32","2019-09-23 11:16:32"
69,"ブーツ","1/67","2019-09-23 11:16:32","2019-09-23 11:16:32"
70,"サンダル","1/67","2019-09-23 11:16:32","2019-09-23 11:16:32"
71,"スニーカー","1/67","2019-09-23 11:16:32","2019-09-23 11:16:32"
72,"ミュール","1/67","2019-09-23 11:16:32","2019-09-23 11:16:32"
73,"モカシン","1/67","2019-09-23 11:16:32","2019-09-23 11:16:32"
74,"ローファー/革靴","1/67","2019-09-23 11:16:32","2019-09-23 11:16:32"
75,"フラットシューズ/バレエシューズ","1/67","2019-09-23 11:16:32","2019-09-23 11:16:32"
76,"長靴/レインシューズ","1/67","2019-09-23 11:16:32","2019-09-23 11:16:32"
77,"その他","1/67","2019-09-23 11:16:32","2019-09-23 11:16:32"
78,"ルームウェア/パジャマ",1,"2019-09-23 11:16:32","2019-09-23 11:16:32"
79,"パジャマ","1/78","2019-09-23 11:16:32","2019-09-23 11:16:32"
80,"ルームウェア","1/78","2019-09-23 11:16:32","2019-09-23 11:16:32"
81,"レッグウェア",1,"2019-09-23 11:16:32","2019-09-23 11:16:32"
82,"ソックス","1/81","2019-09-23 11:16:32","2019-09-23 11:16:32"
83,"スパッツ/レギンス","1/81","2019-09-23 11:16:32","2019-09-23 11:16:32"
84,"ストッキング/タイツ","1/81","2019-09-23 11:16:32","2019-09-23 11:16:32"
85,"レッグウォーマー","1/81","2019-09-23 11:16:32","2019-09-23 11:16:32"
86,"その他","1/81","2019-09-23 11:16:32","2019-09-23 11:16:32"
87,"帽子",1,"2019-09-23 11:16:32","2019-09-23 11:16:32"
88,"ニットキャップ/ビーニー","1/87","2019-09-23 11:16:32","2019-09-23 11:16:32"
89,"ハット","1/87","2019-09-23 11:16:32","2019-09-23 11:16:32"
90,"ハンチング/ベレー帽","1/87","2019-09-23 11:16:32","2019-09-23 11:16:32"
91,"キャップ","1/87","2019-09-23 11:16:32","2019-09-23 11:16:32"
92,"キャスケット","1/87","2019-09-23 11:16:32","2019-09-23 11:16:32"
93,"麦わら帽子","1/87","2019-09-23 11:16:32","2019-09-23 11:16:32"
94,"その他","1/87","2019-09-23 11:16:32","2019-09-23 11:16:32"
95,"バッグ",1,"2019-09-23 11:16:32","2019-09-23 11:16:32"
96,"ハンドバッグ","1/95","2019-09-23 11:16:32","2019-09-23 11:16:32"
97,"トートバッグ","1/95","2019-09-23 11:16:32","2019-09-23 11:16:32"
98,"エコバッグ","1/95","2019-09-23 11:16:32","2019-09-23 11:16:32"
99,"リュック/バックパック","1/95","2019-09-23 11:16:32","2019-09-23 11:16:32"
100,"ボストンバッグ","1/95","2019-09-23 11:16:32","2019-09-23 11:16:32"
101,"スポーツバッグ","1/95","2019-09-23 11:16:32","2019-09-23 11:16:32"
102,"ショルダーバッグ","1/95","2019-09-23 11:16:32","2019-09-23 11:16:32"
103,"クラッチバッグ","1/95","2019-09-23 11:16:32","2019-09-23 11:16:32"
104,"ポーチ/バニティ","1/95","2019-09-23 11:16:32","2019-09-23 11:16:32"
105,"ボディバッグ/ウェストバッグ","1/95","2019-09-23 11:16:32","2019-09-23 11:16:32"
106,"マザーズバッグ","1/95","2019-09-23 11:16:32","2019-09-23 11:16:32"
107,"メッセンジャーバッグ","1/95","2019-09-23 11:16:33","2019-09-23 11:16:33"
108,"ビジネスバッグ","1/95","2019-09-23 11:16:33","2019-09-23 11:16:33"
109,"旅行用バッグ/キャリーバッグ","1/95","2019-09-23 11:16:33","2019-09-23 11:16:33"
110,"ショップ袋","1/95","2019-09-23 11:16:33","2019-09-23 11:16:33"
111,"和装用バッグ","1/95","2019-09-23 11:16:33","2019-09-23 11:16:33"
112,"かごバッグ","1/95","2019-09-23 11:16:33","2019-09-23 11:16:33"
113,"その他","1/95","2019-09-23 11:16:33","2019-09-23 11:16:33"
114,"アクセサリー",1,"2019-09-23 11:16:33","2019-09-23 11:16:33"
115,"ネックレス","1/114","2019-09-23 11:16:33","2019-09-23 11:16:33"
116,"ブレスレット","1/114","2019-09-23 11:16:33","2019-09-23 11:16:33"
117,"バングル/リストバンド","1/114","2019-09-23 11:16:33","2019-09-23 11:16:33"
118,"リング","1/114","2019-09-23 11:16:33","2019-09-23 11:16:33"
119,"ピアス(片耳用)","1/114","2019-09-23 11:16:33","2019-09-23 11:16:33"
120,"ピアス(両耳用)","1/114","2019-09-23 11:16:33","2019-09-23 11:16:33"
121,"イヤリング","1/114","2019-09-23 11:16:33","2019-09-23 11:16:33"
122,"アンクレット","1/114","2019-09-23 11:16:33","2019-09-23 11:16:33"
123,"ブローチ/コサージュ","1/114","2019-09-23 11:16:33","2019-09-23 11:16:33"
124,"チャーム","1/114","2019-09-23 11:16:33","2019-09-23 11:16:33"
125,"その他","1/114","2019-09-23 11:16:33","2019-09-23 11:16:33"
126,"ヘアアクセサリー",1,"2019-09-23 11:16:33","2019-09-23 11:16:33"
127,"ヘアゴム/シュシュ","1/126","2019-09-23 11:16:33","2019-09-23 11:16:33"
128,"ヘアバンド/カチューシャ","1/126","2019-09-23 11:16:33","2019-09-23 11:16:33"
129,"ヘアピン","1/126","2019-09-23 11:16:33","2019-09-23 11:16:33"
130,"その他","1/126","2019-09-23 11:16:33","2019-09-23 11:16:33"
131,"小物",1,"2019-09-23 11:16:33","2019-09-23 11:16:33"
132,"長財布","1/131","2019-09-23 11:16:33","2019-09-23 11:16:33"
133,"折り財布","1/131","2019-09-23 11:16:33","2019-09-23 11:16:33"
134,"コインケース/小銭入れ","1/131","2019-09-23 11:16:33","2019-09-23 11:16:33"
135,"名刺入れ/定期入れ","1/131","2019-09-23 11:16:33","2019-09-23 11:16:33"
136,"キーケース","1/131","2019-09-23 11:16:33","2019-09-23 11:16:33"
137,"キーホルダー","1/131","2019-09-23 11:16:33","2019-09-23 11:16:33"
138,"手袋/アームカバー","1/131","2019-09-23 11:16:33","2019-09-23 11:16:33"
139,"ハンカチ","1/131","2019-09-23 11:16:33","2019-09-23 11:16:33"
140,"ベルト","1/131","2019-09-23 11:16:33","2019-09-23 11:16:33"
141,"マフラー/ショール","1/131","2019-09-23 11:16:33","2019-09-23 11:16:33"
142,"ストール/スヌード","1/131","2019-09-23 11:16:33","2019-09-23 11:16:33"
143,"バンダナ/スカーフ","1/131","2019-09-23 11:16:33","2019-09-23 11:16:33"
144,"ネックウォーマー","1/131","2019-09-23 11:16:33","2019-09-23 11:16:33"
145,"サスペンダー","1/131","2019-09-23 11:16:33","2019-09-23 11:16:33"
146,"サングラス/メガネ","1/131","2019-09-23 11:16:33","2019-09-23 11:16:33"
147,"モバイルケース/カバー","1/131","2019-09-23 11:16:33","2019-09-23 11:16:33"
148,"手帳","1/131","2019-09-23 11:16:33","2019-09-23 11:16:33"
149,"イヤマフラー","1/131","2019-09-23 11:16:33","2019-09-23 11:16:33"
150,"傘","1/131","2019-09-23 11:16:33","2019-09-23 11:16:33"
151,"レインコート/ポンチョ","1/131","2019-09-23 11:16:33","2019-09-23 11:16:33"
152,"ミラー","1/131","2019-09-23 11:16:33","2019-09-23 11:16:33"
153,"タバコグッズ","1/131","2019-09-23 11:16:33","2019-09-23 11:16:33"
154,"その他","1/131","2019-09-23 11:16:33","2019-09-23 11:16:33"
155,"時計",1,"2019-09-23 11:16:33","2019-09-23 11:16:33"
156,"腕時計(アナログ)","1/155","2019-09-23 11:16:33","2019-09-23 11:16:33"
157,"腕時計(デジタル)","1/155","2019-09-23 11:16:33","2019-09-23 11:16:33"
158,"ラバーベルト","1/155","2019-09-23 11:16:33","2019-09-23 11:16:33"
159,"レザーベルト","1/155","2019-09-23 11:16:33","2019-09-23 11:16:33"
160,"金属ベルト","1/155","2019-09-23 11:16:33","2019-09-23 11:16:33"
161,"その他","1/155","2019-09-23 11:16:33","2019-09-23 11:16:33"
162,"ウィッグ/エクステ",1,"2019-09-23 11:16:33","2019-09-23 11:16:33"
163,"前髪ウィッグ","1/162","2019-09-23 11:16:33","2019-09-23 11:16:33"
164,"ロングストレート","1/162","2019-09-23 11:16:33","2019-09-23 11:16:33"
165,"ロングカール","1/162","2019-09-23 11:16:34","2019-09-23 11:16:34"
166,"ショートストレート","1/162","2019-09-23 11:16:34","2019-09-23 11:16:34"
167,"ショートカール","1/162","2019-09-23 11:16:34","2019-09-23 11:16:34"
168,"その他","1/162","2019-09-23 11:16:34","2019-09-23 11:16:34"
169,"浴衣/水着",1,"2019-09-23 11:16:34","2019-09-23 11:16:34"
170,"浴衣","1/169","2019-09-23 11:16:34","2019-09-23 11:16:34"
171,"着物","1/169","2019-09-23 11:16:34","2019-09-23 11:16:34"
172,"振袖","1/169","2019-09-23 11:16:34","2019-09-23 11:16:34"
173,"長襦袢/半襦袢","1/169","2019-09-23 11:16:34","2019-09-23 11:16:34"
174,"水着セパレート","1/169","2019-09-23 11:16:34","2019-09-23 11:16:34"
175,"水着ワンピース","1/169","2019-09-23 11:16:34","2019-09-23 11:16:34"
176,"水着スポーツ用","1/169","2019-09-23 11:16:34","2019-09-23 11:16:34"
177,"その他","1/169","2019-09-23 11:16:34","2019-09-23 11:16:34"
178,"スーツ/フォーマル/ドレス",1,"2019-09-23 11:16:34","2019-09-23 11:16:34"
179,"スカートスーツ上下","1/178","2019-09-23 11:16:34","2019-09-23 11:16:34"
180,"パンツスーツ上下","1/178","2019-09-23 11:16:34","2019-09-23 11:16:34"
181,"ドレス","1/178","2019-09-23 11:16:34","2019-09-23 11:16:34"
182,"パーティーバッグ","1/178","2019-09-23 11:16:34","2019-09-23 11:16:34"
183,"シューズ","1/178","2019-09-23 11:16:34","2019-09-23 11:16:34"
184,"ウェディング","1/178","2019-09-23 11:16:34","2019-09-23 11:16:34"
185,"その他","1/178","2019-09-23 11:16:34","2019-09-23 11:16:34"
186,"マタニティ",1,"2019-09-23 11:16:34","2019-09-23 11:16:34"
187,"トップス","1/186","2019-09-23 11:16:34","2019-09-23 11:16:34"
188,"アウター","1/186","2019-09-23 11:16:34","2019-09-23 11:16:34"
189,"インナー","1/186","2019-09-23 11:16:34","2019-09-23 11:16:34"
190,"ワンピース","1/186","2019-09-23 11:16:34","2019-09-23 11:16:34"
191,"パンツ/スパッツ","1/186","2019-09-23 11:16:34","2019-09-23 11:16:34"
192,"スカート","1/186","2019-09-23 11:16:34","2019-09-23 11:16:34"
193,"パジャマ","1/186","2019-09-23 11:16:34","2019-09-23 11:16:34"
194,"授乳服","1/186","2019-09-23 11:16:34","2019-09-23 11:16:34"
195,"その他","1/186","2019-09-23 11:16:34","2019-09-23 11:16:34"
196,"その他",1,"2019-09-23 11:16:34","2019-09-23 11:16:34"
197,"コスプレ","1/196","2019-09-23 11:16:34","2019-09-23 11:16:34"
198,"下着","1/196","2019-09-23 11:16:34","2019-09-23 11:16:34"
199,"その他","1/196","2019-09-23 11:16:34","2019-09-23 11:16:34"
200,"メンズ",,"2019-09-23 11:16:34","2019-09-23 11:16:34"
201,"トップス",200,"2019-09-23 11:16:34","2019-09-23 11:16:34"
202,"Tシャツ/カットソー(半袖/袖なし)","200/201","2019-09-23 11:16:34","2019-09-23 11:16:34"
203,"Tシャツ/カットソー(七分/長袖)","200/201","2019-09-23 11:16:34","2019-09-23 11:16:34"
204,"シャツ","200/201","2019-09-23 11:16:34","2019-09-23 11:16:34"
205,"ポロシャツ","200/201","2019-09-23 11:16:34","2019-09-23 11:16:34"
206,"タンクトップ","200/201","2019-09-23 11:16:34","2019-09-23 11:16:34"
207,"ニット/セーター","200/201","2019-09-23 11:16:34","2019-09-23 11:16:34"
208,"パーカー","200/201","2019-09-23 11:16:34","2019-09-23 11:16:34"
209,"カーディガン","200/201","2019-09-23 11:16:34","2019-09-23 11:16:34"
210,"スウェット","200/201","2019-09-23 11:16:34","2019-09-23 11:16:34"
211,"ジャージ","200/201","2019-09-23 11:16:34","2019-09-23 11:16:34"
212,"ベスト","200/201","2019-09-23 11:16:34","2019-09-23 11:16:34"
213,"その他","200/201","2019-09-23 11:16:34","2019-09-23 11:16:34"
214,"ジャケット/アウター",200,"2019-09-23 11:16:34","2019-09-23 11:16:34"
215,"テーラードジャケット","200/214","2019-09-23 11:16:34","2019-09-23 11:16:34"
216,"ノーカラージャケット","200/214","2019-09-23 11:16:34","2019-09-23 11:16:34"
217,"Gジャン/デニムジャケット","200/214","2019-09-23 11:16:34","2019-09-23 11:16:34"
218,"レザージャケット","200/214","2019-09-23 11:16:34","2019-09-23 11:16:34"
219,"ダウンジャケット","200/214","2019-09-23 11:16:34","2019-09-23 11:16:34"
220,"ライダースジャケット","200/214","2019-09-23 11:16:34","2019-09-23 11:16:34"
221,"ミリタリージャケット","200/214","2019-09-23 11:16:34","2019-09-23 11:16:34"
222,"ナイロンジャケット","200/214","2019-09-23 11:16:34","2019-09-23 11:16:34"
223,"フライトジャケット","200/214","2019-09-23 11:16:35","2019-09-23 11:16:35"
224,"ダッフルコート","200/214","2019-09-23 11:16:35","2019-09-23 11:16:35"
225,"ピーコート","200/214","2019-09-23 11:16:35","2019-09-23 11:16:35"
226,"ステンカラーコート","200/214","2019-09-23 11:16:35","2019-09-23 11:16:35"
227,"トレンチコート","200/214","2019-09-23 11:16:35","2019-09-23 11:16:35"
228,"モッズコート","200/214","2019-09-23 11:16:35","2019-09-23 11:16:35"
229,"チェスターコート","200/214","2019-09-23 11:16:35","2019-09-23 11:16:35"
230,"スタジャン","200/214","2019-09-23 11:16:35","2019-09-23 11:16:35"
231,"スカジャン","200/214","2019-09-23 11:16:35","2019-09-23 11:16:35"
232,"ブルゾン","200/214","2019-09-23 11:16:35","2019-09-23 11:16:35"
233,"マウンテンパーカー","200/214","2019-09-23 11:16:35","2019-09-23 11:16:35"
234,"ダウンベスト","200/214","2019-09-23 11:16:35","2019-09-23 11:16:35"
235,"ポンチョ","200/214","2019-09-23 11:16:35","2019-09-23 11:16:35"
236,"カバーオール","200/214","2019-09-23 11:16:35","2019-09-23 11:16:35"
237,"その他","200/214","2019-09-23 11:16:35","2019-09-23 11:16:35"
238,"パンツ",200,"2019-09-23 11:16:35","2019-09-23 11:16:35"
239,"デニム/ジーンズ","200/238","2019-09-23 11:16:35","2019-09-23 11:16:35"
240,"ワークパンツ/カーゴパンツ","200/238","2019-09-23 11:16:35","2019-09-23 11:16:35"
241,"スラックス","200/238","2019-09-23 11:16:35","2019-09-23 11:16:35"
242,"チノパン","200/238","2019-09-23 11:16:35","2019-09-23 11:16:35"
243,"ショートパンツ","200/238","2019-09-23 11:16:35","2019-09-23 11:16:35"
244,"ペインターパンツ","200/238","2019-09-23 11:16:35","2019-09-23 11:16:35"
245,"サルエルパンツ","200/238","2019-09-23 11:16:35","2019-09-23 11:16:35"
246,"オーバーオール","200/238","2019-09-23 11:16:35","2019-09-23 11:16:35"
247,"その他","200/238","2019-09-23 11:16:35","2019-09-23 11:16:35"
248,"靴",200,"2019-09-23 11:16:35","2019-09-23 11:16:35"
249,"スニーカー","200/248","2019-09-23 11:16:35","2019-09-23 11:16:35"
250,"サンダル","200/248","2019-09-23 11:16:35","2019-09-23 11:16:35"
251,"ブーツ","200/248","2019-09-23 11:16:35","2019-09-23 11:16:35"
252,"モカシン","200/248","2019-09-23 11:16:35","2019-09-23 11:16:35"
253,"ドレス/ビジネス","200/248","2019-09-23 11:16:35","2019-09-23 11:16:35"
254,"長靴/レインシューズ","200/248","2019-09-23 11:16:35","2019-09-23 11:16:35"
255,"デッキシューズ","200/248","2019-09-23 11:16:35","2019-09-23 11:16:35"
256,"その他","200/248","2019-09-23 11:16:35","2019-09-23 11:16:35"
257,"バッグ",200,"2019-09-23 11:16:35","2019-09-23 11:16:35"
258,"ショルダーバッグ","200/257","2019-09-23 11:16:35","2019-09-23 11:16:35"
259,"トートバッグ","200/257","2019-09-23 11:16:35","2019-09-23 11:16:35"
260,"ボストンバッグ","200/257","2019-09-23 11:16:35","2019-09-23 11:16:35"
261,"リュック/バックパック","200/257","2019-09-23 11:16:35","2019-09-23 11:16:35"
262,"ウエストポーチ","200/257","2019-09-23 11:16:35","2019-09-23 11:16:35"
263,"ボディーバッグ","200/257","2019-09-23 11:16:35","2019-09-23 11:16:35"
264,"ドラムバッグ","200/257","2019-09-23 11:16:35","2019-09-23 11:16:35"
265,"ビジネスバッグ","200/257","2019-09-23 11:16:35","2019-09-23 11:16:35"
266,"トラベルバッグ","200/257","2019-09-23 11:16:35","2019-09-23 11:16:35"
267,"メッセンジャーバッグ","200/257","2019-09-23 11:16:35","2019-09-23 11:16:35"
268,"エコバッグ","200/257","2019-09-23 11:16:35","2019-09-23 11:16:35"
269,"その他","200/257","2019-09-23 11:16:35","2019-09-23 11:16:35"
270,"スーツ",200,"2019-09-23 11:16:35","2019-09-23 11:16:35"
271,"スーツジャケット","200/270","2019-09-23 11:16:35","2019-09-23 11:16:35"
272,"スーツベスト","200/270","2019-09-23 11:16:35","2019-09-23 11:16:35"
273,"スラックス","200/270","2019-09-23 11:16:35","2019-09-23 11:16:35"
274,"セットアップ","200/270","2019-09-23 11:16:35","2019-09-23 11:16:35"
275,"その他","200/270","2019-09-23 11:16:35","2019-09-23 11:16:35"
276,"帽子",200,"2019-09-23 11:16:35","2019-09-23 11:16:35"
277,"キャップ","200/276","2019-09-23 11:16:36","2019-09-23 11:16:36"
278,"ハット","200/276","2019-09-23 11:16:36","2019-09-23 11:16:36"
279,"ニットキャップ/ビーニー","200/276","2019-09-23 11:16:36","2019-09-23 11:16:36"
280,"ハンチング/ベレー帽","200/276","2019-09-23 11:16:36","2019-09-23 11:16:36"
281,"キャスケット","200/276","2019-09-23 11:16:36","2019-09-23 11:16:36"
282,"サンバイザー","200/276","2019-09-23 11:16:36","2019-09-23 11:16:36"
283,"その他","200/276","2019-09-23 11:16:36","2019-09-23 11:16:36"
284,"アクセサリー",200,"2019-09-23 11:16:36","2019-09-23 11:16:36"
285,"ネックレス","200/284","2019-09-23 11:16:36","2019-09-23 11:16:36"
286,"ブレスレット","200/284","2019-09-23 11:16:36","2019-09-23 11:16:36"
287,"バングル/リストバンド","200/284","2019-09-23 11:16:36","2019-09-23 11:16:36"
288,"リング","200/284","2019-09-23 11:16:36","2019-09-23 11:16:36"
289,"ピアス(片耳用)","200/284","2019-09-23 11:16:36","2019-09-23 11:16:36"
290,"ピアス(両耳用)","200/284","2019-09-23 11:16:36","2019-09-23 11:16:36"
291,"アンクレット","200/284","2019-09-23 11:16:36","2019-09-23 11:16:36"
292,"その他","200/284","2019-09-23 11:16:36","2019-09-23 11:16:36"
293,"小物",200,"2019-09-23 11:16:36","2019-09-23 11:16:36"
294,"長財布","200/293","2019-09-23 11:16:36","2019-09-23 11:16:36"
295,"折り財布","200/293","2019-09-23 11:16:36","2019-09-23 11:16:36"
296,"マネークリップ","200/293","2019-09-23 11:16:36","2019-09-23 11:16:36"
297,"コインケース/小銭入れ","200/293","2019-09-23 11:16:36","2019-09-23 11:16:36"
298,"名刺入れ/定期入れ","200/293","2019-09-23 11:16:36","2019-09-23 11:16:36"
299,"キーケース","200/293","2019-09-23 11:16:36","2019-09-23 11:16:36"
300,"キーホルダー","200/293","2019-09-23 11:16:36","2019-09-23 11:16:36"
301,"ネクタイ","200/293","2019-09-23 11:16:36","2019-09-23 11:16:36"
302,"手袋","200/293","2019-09-23 11:16:36","2019-09-23 11:16:36"
303,"ハンカチ","200/293","2019-09-23 11:16:36","2019-09-23 11:16:36"
304,"ベルト","200/293","2019-09-23 11:16:36","2019-09-23 11:16:36"
305,"マフラー","200/293","2019-09-23 11:16:36","2019-09-23 11:16:36"
306,"ストール","200/293","2019-09-23 11:16:36","2019-09-23 11:16:36"
307,"バンダナ","200/293","2019-09-23 11:16:36","2019-09-23 11:16:36"
308,"ネックウォーマー","200/293","2019-09-23 11:16:36","2019-09-23 11:16:36"
309,"サスペンダー","200/293","2019-09-23 11:16:36","2019-09-23 11:16:36"
310,"ウォレットチェーン","200/293","2019-09-23 11:16:36","2019-09-23 11:16:36"
311,"サングラス/メガネ","200/293","2019-09-23 11:16:36","2019-09-23 11:16:36"
312,"モバイルケース/カバー","200/293","2019-09-23 11:16:36","2019-09-23 11:16:36"
313,"手帳","200/293","2019-09-23 11:16:36","2019-09-23 11:16:36"
314,"ストラップ","200/293","2019-09-23 11:16:36","2019-09-23 11:16:36"
315,"ネクタイピン","200/293","2019-09-23 11:16:36","2019-09-23 11:16:36"
316,"カフリンクス","200/293","2019-09-23 11:16:36","2019-09-23 11:16:36"
317,"イヤマフラー","200/293","2019-09-23 11:16:36","2019-09-23 11:16:36"
318,"傘","200/293","2019-09-23 11:16:36","2019-09-23 11:16:36"
319,"レインコート","200/293","2019-09-23 11:16:36","2019-09-23 11:16:36"
320,"ミラー","200/293","2019-09-23 11:16:36","2019-09-23 11:16:36"
321,"タバコグッズ","200/293","2019-09-23 11:16:36","2019-09-23 11:16:36"
322,"その他","200/293","2019-09-23 11:16:36","2019-09-23 11:16:36"
323,"時計",200,"2019-09-23 11:16:36","2019-09-23 11:16:36"
324,"腕時計(アナログ)","200/323","2019-09-23 11:16:36","2019-09-23 11:16:36"
325,"腕時計(デジタル)","200/323","2019-09-23 11:16:36","2019-09-23 11:16:36"
326,"ラバーベルト","200/323","2019-09-23 11:16:36","2019-09-23 11:16:36"
327,"レザーベルト","200/323","2019-09-23 11:16:36","2019-09-23 11:16:36"
328,"金属ベルト","200/323","2019-09-23 11:16:36","2019-09-23 11:16:36"
329,"その他","200/323","2019-09-23 11:16:36","2019-09-23 11:16:36"
330,"水着",200,"2019-09-23 11:16:36","2019-09-23 11:16:36"
331,"一般水着","200/330","2019-09-23 11:16:37","2019-09-23 11:16:37"
332,"スポーツ用","200/330","2019-09-23 11:16:37","2019-09-23 11:16:37"
333,"アクセサリー","200/330","2019-09-23 11:16:37","2019-09-23 11:16:37"
334,"その他","200/330","2019-09-23 11:16:37","2019-09-23 11:16:37"
335,"レッグウェア",200,"2019-09-23 11:16:37","2019-09-23 11:16:37"
336,"ソックス","200/335","2019-09-23 11:16:37","2019-09-23 11:16:37"
337,"レギンス/スパッツ","200/335","2019-09-23 11:16:37","2019-09-23 11:16:37"
338,"レッグウォーマー","200/335","2019-09-23 11:16:37","2019-09-23 11:16:37"
339,"その他","200/335","2019-09-23 11:16:37","2019-09-23 11:16:37"
340,"アンダーウェア",200,"2019-09-23 11:16:37","2019-09-23 11:16:37"
341,"トランクス","200/340","2019-09-23 11:16:37","2019-09-23 11:16:37"
342,"ボクサーパンツ","200/340","2019-09-23 11:16:37","2019-09-23 11:16:37"
343,"その他","200/340","2019-09-23 11:16:37","2019-09-23 11:16:37"
344,"その他",200,"2019-09-23 11:16:37","2019-09-23 11:16:37"
345,"ベビー・キッズ",,"2019-09-23 11:16:37","2019-09-23 11:16:37"
346,"ベビー服(女の子用)  ~95cm",345,"2019-09-23 11:16:37","2019-09-23 11:16:37"
347,"トップス","345/346","2019-09-23 11:16:37","2019-09-23 11:16:37"
348,"アウター","345/346","2019-09-23 11:16:37","2019-09-23 11:16:37"
349,"パンツ","345/346","2019-09-23 11:16:37","2019-09-23 11:16:37"
350,"スカート","345/346","2019-09-23 11:16:37","2019-09-23 11:16:37"
351,"ワンピース","345/346","2019-09-23 11:16:37","2019-09-23 11:16:37"
352,"ベビードレス","345/346","2019-09-23 11:16:37","2019-09-23 11:16:37"
353,"おくるみ","345/346","2019-09-23 11:16:37","2019-09-23 11:16:37"
354,"下着/肌着","345/346","2019-09-23 11:16:37","2019-09-23 11:16:37"
355,"パジャマ","345/346","2019-09-23 11:16:37","2019-09-23 11:16:37"
356,"ロンパース","345/346","2019-09-23 11:16:37","2019-09-23 11:16:37"
357,"その他","345/346","2019-09-23 11:16:37","2019-09-23 11:16:37"
358,"ベビー服(男の子用)  ~95cm",345,"2019-09-23 11:16:37","2019-09-23 11:16:37"
359,"トップス","345/358","2019-09-23 11:16:37","2019-09-23 11:16:37"
360,"アウター","345/358","2019-09-23 11:16:37","2019-09-23 11:16:37"
361,"パンツ","345/358","2019-09-23 11:16:37","2019-09-23 11:16:37"
362,"おくるみ","345/358","2019-09-23 11:16:37","2019-09-23 11:16:37"
363,"下着/肌着","345/358","2019-09-23 11:16:37","2019-09-23 11:16:37"
364,"パジャマ","345/358","2019-09-23 11:16:37","2019-09-23 11:16:37"
365,"ロンパース","345/358","2019-09-23 11:16:37","2019-09-23 11:16:37"
366,"その他","345/358","2019-09-23 11:16:37","2019-09-23 11:16:37"
367,"ベビー服(男女兼用)  ~95cm",345,"2019-09-23 11:16:37","2019-09-23 11:16:37"
368,"トップス","345/367","2019-09-23 11:16:37","2019-09-23 11:16:37"
369,"アウター","345/367","2019-09-23 11:16:37","2019-09-23 11:16:37"
370,"パンツ","345/367","2019-09-23 11:16:37","2019-09-23 11:16:37"
371,"おくるみ","345/367","2019-09-23 11:16:37","2019-09-23 11:16:37"
372,"下着/肌着","345/367","2019-09-23 11:16:37","2019-09-23 11:16:37"
373,"パジャマ","345/367","2019-09-23 11:16:37","2019-09-23 11:16:37"
374,"ロンパース","345/367","2019-09-23 11:16:37","2019-09-23 11:16:37"
375,"その他","345/367","2019-09-23 11:16:37","2019-09-23 11:16:37"
376,"キッズ服(女の子用) 100cm~",345,"2019-09-23 11:16:37","2019-09-23 11:16:37"
377,"コート","345/376","2019-09-23 11:16:37","2019-09-23 11:16:37"
378,"ジャケット/上着","345/376","2019-09-23 11:16:37","2019-09-23 11:16:37"
379,"トップス(Tシャツ/カットソー)","345/376","2019-09-23 11:16:37","2019-09-23 11:16:37"
380,"トップス(トレーナー)","345/376","2019-09-23 11:16:37","2019-09-23 11:16:37"
381,"トップス(チュニック)","345/376","2019-09-23 11:16:37","2019-09-23 11:16:37"
382,"トップス(タンクトップ)","345/376","2019-09-23 11:16:37","2019-09-23 11:16:37"
383,"トップス(その他)","345/376","2019-09-23 11:16:37","2019-09-23 11:16:37"
384,"スカート","345/376","2019-09-23 11:16:37","2019-09-23 11:16:37"
385,"パンツ","345/376","2019-09-23 11:16:37","2019-09-23 11:16:37"
386,"ワンピース","345/376","2019-09-23 11:16:37","2019-09-23 11:16:37"
387,"セットアップ","345/376","2019-09-23 11:16:38","2019-09-23 11:16:38"
388,"パジャマ","345/376","2019-09-23 11:16:38","2019-09-23 11:16:38"
389,"フォーマル/ドレス","345/376","2019-09-23 11:16:38","2019-09-23 11:16:38"
390,"和服","345/376","2019-09-23 11:16:38","2019-09-23 11:16:38"
391,"浴衣","345/376","2019-09-23 11:16:38","2019-09-23 11:16:38"
392,"甚平","345/376","2019-09-23 11:16:38","2019-09-23 11:16:38"
393,"水着","345/376","2019-09-23 11:16:38","2019-09-23 11:16:38"
394,"その他","345/376","2019-09-23 11:16:38","2019-09-23 11:16:38"
395,"キッズ服(男の子用) 100cm~",345,"2019-09-23 11:16:38","2019-09-23 11:16:38"
396,"コート","345/395","2019-09-23 11:16:38","2019-09-23 11:16:38"
397,"ジャケット/上着","345/395","2019-09-23 11:16:38","2019-09-23 11:16:38"
398,"トップス(Tシャツ/カットソー)","345/395","2019-09-23 11:16:38","2019-09-23 11:16:38"
399,"トップス(トレーナー)","345/395","2019-09-23 11:16:38","2019-09-23 11:16:38"
400,"トップス(その他)","345/395","2019-09-23 11:16:38","2019-09-23 11:16:38"
401,"パンツ","345/395","2019-09-23 11:16:38","2019-09-23 11:16:38"
402,"セットアップ","345/395","2019-09-23 11:16:38","2019-09-23 11:16:38"
403,"パジャマ","345/395","2019-09-23 11:16:38","2019-09-23 11:16:38"
404,"フォーマル/ドレス","345/395","2019-09-23 11:16:38","2019-09-23 11:16:38"
405,"和服","345/395","2019-09-23 11:16:38","2019-09-23 11:16:38"
406,"浴衣","345/395","2019-09-23 11:16:38","2019-09-23 11:16:38"
407,"甚平","345/395","2019-09-23 11:16:38","2019-09-23 11:16:38"
408,"水着","345/395","2019-09-23 11:16:38","2019-09-23 11:16:38"
409,"その他","345/395","2019-09-23 11:16:38","2019-09-23 11:16:38"
410,"キッズ服(男女兼用) 100cm~",345,"2019-09-23 11:16:38","2019-09-23 11:16:38"
411,"コート","345/410","2019-09-23 11:16:38","2019-09-23 11:16:38"
412,"ジャケット/上着","345/410","2019-09-23 11:16:38","2019-09-23 11:16:38"
413,"トップス(Tシャツ/カットソー)","345/410","2019-09-23 11:16:38","2019-09-23 11:16:38"
414,"トップス(トレーナー)","345/410","2019-09-23 11:16:38","2019-09-23 11:16:38"
415,"トップス(その他)","345/410","2019-09-23 11:16:38","2019-09-23 11:16:38"
416,"ボトムス","345/410","2019-09-23 11:16:38","2019-09-23 11:16:38"
417,"パジャマ","345/410","2019-09-23 11:16:38","2019-09-23 11:16:38"
418,"その他","345/410","2019-09-23 11:16:38","2019-09-23 11:16:38"
419,"キッズ靴",345,"2019-09-23 11:16:38","2019-09-23 11:16:38"
420,"スニーカー","345/419","2019-09-23 11:16:38","2019-09-23 11:16:38"
421,"サンダル","345/419","2019-09-23 11:16:38","2019-09-23 11:16:38"
422,"ブーツ","345/419","2019-09-23 11:16:38","2019-09-23 11:16:38"
423,"長靴","345/419","2019-09-23 11:16:38","2019-09-23 11:16:38"
424,"その他","345/419","2019-09-23 11:16:38","2019-09-23 11:16:38"
425,"子ども用ファッション小物",345,"2019-09-23 11:16:38","2019-09-23 11:16:38"
426,"靴下/スパッツ","345/425","2019-09-23 11:16:38","2019-09-23 11:16:38"
427,"帽子","345/425","2019-09-23 11:16:38","2019-09-23 11:16:38"
428,"エプロン","345/425","2019-09-23 11:16:38","2019-09-23 11:16:38"
429,"サスペンダー","345/425","2019-09-23 11:16:38","2019-09-23 11:16:38"
430,"タイツ","345/425","2019-09-23 11:16:38","2019-09-23 11:16:38"
431,"ハンカチ","345/425","2019-09-23 11:16:38","2019-09-23 11:16:38"
432,"バンダナ","345/425","2019-09-23 11:16:38","2019-09-23 11:16:38"
433,"ベルト","345/425","2019-09-23 11:16:38","2019-09-23 11:16:38"
434,"マフラー","345/425","2019-09-23 11:16:38","2019-09-23 11:16:38"
435,"傘","345/425","2019-09-23 11:16:38","2019-09-23 11:16:38"
436,"手袋","345/425","2019-09-23 11:16:38","2019-09-23 11:16:38"
437,"スタイ","345/425","2019-09-23 11:16:38","2019-09-23 11:16:38"
438,"バッグ","345/425","2019-09-23 11:16:38","2019-09-23 11:16:38"
439,"その他","345/425","2019-09-23 11:16:38","2019-09-23 11:16:38"
440,"おむつ/トイレ/バス",345,"2019-09-23 11:16:38","2019-09-23 11:16:38"
441,"おむつ用品","345/440","2019-09-23 11:16:38","2019-09-23 11:16:38"
442,"おまる/補助便座","345/440","2019-09-23 11:16:39","2019-09-23 11:16:39"
443,"トレーニングパンツ","345/440","2019-09-23 11:16:39","2019-09-23 11:16:39"
444,"ベビーバス","345/440","2019-09-23 11:16:39","2019-09-23 11:16:39"
445,"お風呂用品","345/440","2019-09-23 11:16:39","2019-09-23 11:16:39"
446,"その他","345/440","2019-09-23 11:16:39","2019-09-23 11:16:39"
447,"外出/移動用品",345,"2019-09-23 11:16:39","2019-09-23 11:16:39"
448,"ベビーカー","345/447","2019-09-23 11:16:39","2019-09-23 11:16:39"
449,"抱っこひも/スリング","345/447","2019-09-23 11:16:39","2019-09-23 11:16:39"
450,"チャイルドシート","345/447","2019-09-23 11:16:39","2019-09-23 11:16:39"
451,"その他","345/447","2019-09-23 11:16:39","2019-09-23 11:16:39"
452,"授乳/食事",345,"2019-09-23 11:16:39","2019-09-23 11:16:39"
453,"ミルク","345/452","2019-09-23 11:16:39","2019-09-23 11:16:39"
454,"ベビーフード","345/452","2019-09-23 11:16:39","2019-09-23 11:16:39"
455,"ベビー用食器","345/452","2019-09-23 11:16:39","2019-09-23 11:16:39"
456,"その他","345/452","2019-09-23 11:16:39","2019-09-23 11:16:39"
457,"ベビー家具/寝具/室内用品",345,"2019-09-23 11:16:39","2019-09-23 11:16:39"
458,"ベッド","345/457","2019-09-23 11:16:39","2019-09-23 11:16:39"
459,"布団/毛布","345/457","2019-09-23 11:16:39","2019-09-23 11:16:39"
460,"イス","345/457","2019-09-23 11:16:39","2019-09-23 11:16:39"
461,"たんす","345/457","2019-09-23 11:16:39","2019-09-23 11:16:39"
462,"その他","345/457","2019-09-23 11:16:39","2019-09-23 11:16:39"
463,"おもちゃ",345,"2019-09-23 11:16:39","2019-09-23 11:16:39"
464,"おふろのおもちゃ","345/463","2019-09-23 11:16:39","2019-09-23 11:16:39"
465,"がらがら","345/463","2019-09-23 11:16:39","2019-09-23 11:16:39"
466,"オルゴール","345/463","2019-09-23 11:16:39","2019-09-23 11:16:39"
467,"ベビージム","345/463","2019-09-23 11:16:39","2019-09-23 11:16:39"
468,"手押し車/カタカタ","345/463","2019-09-23 11:16:39","2019-09-23 11:16:39"
469,"知育玩具","345/463","2019-09-23 11:16:39","2019-09-23 11:16:39"
470,"その他","345/463","2019-09-23 11:16:39","2019-09-23 11:16:39"
471,"行事/記念品",345,"2019-09-23 11:16:39","2019-09-23 11:16:39"
472,"お宮参り用品","345/471","2019-09-23 11:16:39","2019-09-23 11:16:39"
473,"お食い初め用品","345/471","2019-09-23 11:16:39","2019-09-23 11:16:39"
474,"アルバム","345/471","2019-09-23 11:16:39","2019-09-23 11:16:39"
475,"手形/足形","345/471","2019-09-23 11:16:39","2019-09-23 11:16:39"
476,"その他","345/471","2019-09-23 11:16:39","2019-09-23 11:16:39"
477,"その他",345,"2019-09-23 11:16:39","2019-09-23 11:16:39"
478,"母子手帳用品","345/477","2019-09-23 11:16:39","2019-09-23 11:16:39"
479,"その他","345/477","2019-09-23 11:16:39","2019-09-23 11:16:39"
480,"インテリア・住まい・小物",,"2019-09-23 11:16:39","2019-09-23 11:16:39"
481,"キッチン/食器",480,"2019-09-23 11:16:39","2019-09-23 11:16:39"
482,"食器","480/481","2019-09-23 11:16:39","2019-09-23 11:16:39"
483,"調理器具","480/481","2019-09-23 11:16:39","2019-09-23 11:16:39"
484,"収納/キッチン雑貨","480/481","2019-09-23 11:16:39","2019-09-23 11:16:39"
485,"弁当用品","480/481","2019-09-23 11:16:39","2019-09-23 11:16:39"
486,"カトラリー(スプーン等)","480/481","2019-09-23 11:16:39","2019-09-23 11:16:39"
487,"テーブル用品","480/481","2019-09-23 11:16:39","2019-09-23 11:16:39"
488,"容器","480/481","2019-09-23 11:16:39","2019-09-23 11:16:39"
489,"エプロン","480/481","2019-09-23 11:16:39","2019-09-23 11:16:39"
490,"アルコールグッズ","480/481","2019-09-23 11:16:39","2019-09-23 11:16:39"
491,"浄水機","480/481","2019-09-23 11:16:39","2019-09-23 11:16:39"
492,"その他","480/481","2019-09-23 11:16:39","2019-09-23 11:16:39"
493,"ベッド/マットレス",480,"2019-09-23 11:16:39","2019-09-23 11:16:39"
494,"セミシングルベッド","480/493","2019-09-23 11:16:39","2019-09-23 11:16:39"
495,"シングルベッド","480/493","2019-09-23 11:16:39","2019-09-23 11:16:39"
496,"セミダブルベッド","480/493","2019-09-23 11:16:39","2019-09-23 11:16:39"
497,"ダブルベッド","480/493","2019-09-23 11:16:39","2019-09-23 11:16:39"
498,"ワイドダブルベッド","480/493","2019-09-23 11:16:39","2019-09-23 11:16:39"
499,"クイーンベッド","480/493","2019-09-23 11:16:39","2019-09-23 11:16:39"
500,"キングベッド","480/493","2019-09-23 11:16:40","2019-09-23 11:16:40"
501,"脚付きマットレスベッド","480/493","2019-09-23 11:16:40","2019-09-23 11:16:40"
502,"マットレス","480/493","2019-09-23 11:16:40","2019-09-23 11:16:40"
503,"すのこベッド","480/493","2019-09-23 11:16:40","2019-09-23 11:16:40"
504,"ロフトベッド/システムベッド","480/493","2019-09-23 11:16:40","2019-09-23 11:16:40"
505,"簡易ベッド/折りたたみベッド","480/493","2019-09-23 11:16:40","2019-09-23 11:16:40"
506,"収納付き","480/493","2019-09-23 11:16:40","2019-09-23 11:16:40"
507,"その他","480/493","2019-09-23 11:16:40","2019-09-23 11:16:40"
508,"ソファ/ソファベッド",480,"2019-09-23 11:16:40","2019-09-23 11:16:40"
509,"ソファセット","480/508","2019-09-23 11:16:40","2019-09-23 11:16:40"
510,"シングルソファ","480/508","2019-09-23 11:16:40","2019-09-23 11:16:40"
511,"ラブソファ","480/508","2019-09-23 11:16:40","2019-09-23 11:16:40"
512,"トリプルソファ","480/508","2019-09-23 11:16:40","2019-09-23 11:16:40"
513,"オットマン","480/508","2019-09-23 11:16:40","2019-09-23 11:16:40"
514,"コーナーソファ","480/508","2019-09-23 11:16:40","2019-09-23 11:16:40"
515,"ビーズソファ/クッションソファ","480/508","2019-09-23 11:16:40","2019-09-23 11:16:40"
516,"ローソファ/フロアソファ","480/508","2019-09-23 11:16:40","2019-09-23 11:16:40"
517,"ソファベッド","480/508","2019-09-23 11:16:40","2019-09-23 11:16:40"
518,"応接セット","480/508","2019-09-23 11:16:40","2019-09-23 11:16:40"
519,"ソファカバー","480/508","2019-09-23 11:16:40","2019-09-23 11:16:40"
520,"リクライニングソファ","480/508","2019-09-23 11:16:40","2019-09-23 11:16:40"
521,"その他","480/508","2019-09-23 11:16:40","2019-09-23 11:16:40"
522,"椅子/チェア",480,"2019-09-23 11:16:40","2019-09-23 11:16:40"
523,"一般","480/522","2019-09-23 11:16:40","2019-09-23 11:16:40"
524,"スツール","480/522","2019-09-23 11:16:40","2019-09-23 11:16:40"
525,"ダイニングチェア","480/522","2019-09-23 11:16:40","2019-09-23 11:16:40"
526,"ハイバックチェア","480/522","2019-09-23 11:16:40","2019-09-23 11:16:40"
527,"ロッキングチェア","480/522","2019-09-23 11:16:40","2019-09-23 11:16:40"
528,"座椅子","480/522","2019-09-23 11:16:40","2019-09-23 11:16:40"
529,"折り畳みイス","480/522","2019-09-23 11:16:40","2019-09-23 11:16:40"
530,"デスクチェア","480/522","2019-09-23 11:16:40","2019-09-23 11:16:40"
531,"その他","480/522","2019-09-23 11:16:40","2019-09-23 11:16:40"
532,"机/テーブル",480,"2019-09-23 11:16:40","2019-09-23 11:16:40"
533,"こたつ","480/532","2019-09-23 11:16:40","2019-09-23 11:16:40"
534,"カウンターテーブル","480/532","2019-09-23 11:16:40","2019-09-23 11:16:40"
535,"サイドテーブル","480/532","2019-09-23 11:16:40","2019-09-23 11:16:40"
536,"センターテーブル","480/532","2019-09-23 11:16:40","2019-09-23 11:16:40"
537,"ダイニングテーブル","480/532","2019-09-23 11:16:40","2019-09-23 11:16:40"
538,"座卓/ちゃぶ台","480/532","2019-09-23 11:16:40","2019-09-23 11:16:40"
539,"アウトドア用","480/532","2019-09-23 11:16:40","2019-09-23 11:16:40"
540,"パソコン用","480/532","2019-09-23 11:16:40","2019-09-23 11:16:40"
541,"事務机/学習机","480/532","2019-09-23 11:16:40","2019-09-23 11:16:40"
542,"その他","480/532","2019-09-23 11:16:40","2019-09-23 11:16:40"
543,"収納家具",480,"2019-09-23 11:16:40","2019-09-23 11:16:40"
544,"リビング収納","480/543","2019-09-23 11:16:40","2019-09-23 11:16:40"
545,"キッチン収納","480/543","2019-09-23 11:16:40","2019-09-23 11:16:40"
546,"玄関/屋外収納","480/543","2019-09-23 11:16:40","2019-09-23 11:16:40"
547,"バス/トイレ収納","480/543","2019-09-23 11:16:40","2019-09-23 11:16:40"
548,"本収納","480/543","2019-09-23 11:16:40","2019-09-23 11:16:40"
549,"本/CD/DVD収納","480/543","2019-09-23 11:16:40","2019-09-23 11:16:40"
550,"洋服タンス/押入れ収納","480/543","2019-09-23 11:16:40","2019-09-23 11:16:40"
551,"電話台/ファックス台","480/543","2019-09-23 11:16:40","2019-09-23 11:16:40"
552,"ドレッサー/鏡台","480/543","2019-09-23 11:16:40","2019-09-23 11:16:40"
553,"棚/ラック","480/543","2019-09-23 11:16:41","2019-09-23 11:16:41"
554,"ケース/ボックス","480/543","2019-09-23 11:16:41","2019-09-23 11:16:41"
555,"その他","480/543","2019-09-23 11:16:41","2019-09-23 11:16:41"
556,"ラグ/カーペット/マット",480,"2019-09-23 11:16:41","2019-09-23 11:16:41"
557,"ラグ","480/556","2019-09-23 11:16:41","2019-09-23 11:16:41"
558,"カーペット","480/556","2019-09-23 11:16:41","2019-09-23 11:16:41"
559,"ホットカーペット","480/556","2019-09-23 11:16:41","2019-09-23 11:16:41"
560,"玄関/キッチンマット","480/556","2019-09-23 11:16:41","2019-09-23 11:16:41"
561,"トイレ/バスマット","480/556","2019-09-23 11:16:41","2019-09-23 11:16:41"
562,"その他","480/556","2019-09-23 11:16:41","2019-09-23 11:16:41"
563,"カーテン/ブラインド",480,"2019-09-23 11:16:41","2019-09-23 11:16:41"
564,"カーテン","480/563","2019-09-23 11:16:41","2019-09-23 11:16:41"
565,"ブラインド","480/563","2019-09-23 11:16:41","2019-09-23 11:16:41"
566,"ロールスクリーン","480/563","2019-09-23 11:16:41","2019-09-23 11:16:41"
567,"のれん","480/563","2019-09-23 11:16:41","2019-09-23 11:16:41"
568,"その他","480/563","2019-09-23 11:16:41","2019-09-23 11:16:41"
569,"ライト/照明",480,"2019-09-23 11:16:41","2019-09-23 11:16:41"
570,"蛍光灯/電球","480/569","2019-09-23 11:16:41","2019-09-23 11:16:41"
571,"天井照明","480/569","2019-09-23 11:16:41","2019-09-23 11:16:41"
572,"フロアスタンド","480/569","2019-09-23 11:16:41","2019-09-23 11:16:41"
573,"その他","480/569","2019-09-23 11:16:41","2019-09-23 11:16:41"
574,"寝具",480,"2019-09-23 11:16:41","2019-09-23 11:16:41"
575,"布団/毛布","480/574","2019-09-23 11:16:41","2019-09-23 11:16:41"
576,"枕","480/574","2019-09-23 11:16:41","2019-09-23 11:16:41"
577,"シーツ/カバー","480/574","2019-09-23 11:16:41","2019-09-23 11:16:41"
578,"その他","480/574","2019-09-23 11:16:41","2019-09-23 11:16:41"
579,"インテリア小物",480,"2019-09-23 11:16:41","2019-09-23 11:16:41"
580,"ごみ箱","480/579","2019-09-23 11:16:41","2019-09-23 11:16:41"
581,"ウェルカムボード","480/579","2019-09-23 11:16:41","2019-09-23 11:16:41"
582,"オルゴール","480/579","2019-09-23 11:16:41","2019-09-23 11:16:41"
583,"クッション","480/579","2019-09-23 11:16:41","2019-09-23 11:16:41"
584,"クッションカバー","480/579","2019-09-23 11:16:41","2019-09-23 11:16:41"
585,"スリッパラック","480/579","2019-09-23 11:16:41","2019-09-23 11:16:41"
586,"ティッシュボックス","480/579","2019-09-23 11:16:41","2019-09-23 11:16:41"
587,"バスケット/かご","480/579","2019-09-23 11:16:41","2019-09-23 11:16:41"
588,"フォトフレーム","480/579","2019-09-23 11:16:41","2019-09-23 11:16:41"
589,"マガジンラック","480/579","2019-09-23 11:16:41","2019-09-23 11:16:41"
590,"モビール","480/579","2019-09-23 11:16:41","2019-09-23 11:16:41"
591,"花瓶","480/579","2019-09-23 11:16:41","2019-09-23 11:16:41"
592,"灰皿","480/579","2019-09-23 11:16:41","2019-09-23 11:16:41"
593,"傘立て","480/579","2019-09-23 11:16:41","2019-09-23 11:16:41"
594,"小物入れ","480/579","2019-09-23 11:16:41","2019-09-23 11:16:41"
595,"置時計","480/579","2019-09-23 11:16:41","2019-09-23 11:16:41"
596,"掛時計/柱時計","480/579","2019-09-23 11:16:41","2019-09-23 11:16:41"
597,"鏡(立て掛け式)","480/579","2019-09-23 11:16:41","2019-09-23 11:16:41"
598,"鏡(壁掛け式)","480/579","2019-09-23 11:16:41","2019-09-23 11:16:41"
599,"置物","480/579","2019-09-23 11:16:42","2019-09-23 11:16:42"
600,"風鈴","480/579","2019-09-23 11:16:42","2019-09-23 11:16:42"
601,"植物/観葉植物","480/579","2019-09-23 11:16:42","2019-09-23 11:16:42"
602,"その他","480/579","2019-09-23 11:16:42","2019-09-23 11:16:42"
603,"季節/年中行事",480,"2019-09-23 11:16:42","2019-09-23 11:16:42"
604,"正月","480/603","2019-09-23 11:16:42","2019-09-23 11:16:42"
605,"成人式","480/603","2019-09-23 11:16:42","2019-09-23 11:16:42"
606,"バレンタインデー","480/603","2019-09-23 11:16:42","2019-09-23 11:16:42"
607,"ひな祭り","480/603","2019-09-23 11:16:42","2019-09-23 11:16:42"
608,"子どもの日","480/603","2019-09-23 11:16:42","2019-09-23 11:16:42"
609,"母の日","480/603","2019-09-23 11:16:42","2019-09-23 11:16:42"
610,"父の日","480/603","2019-09-23 11:16:42","2019-09-23 11:16:42"
611,"サマーギフト/お中元","480/603","2019-09-23 11:16:42","2019-09-23 11:16:42"
612,"夏/夏休み","480/603","2019-09-23 11:16:42","2019-09-23 11:16:42"
613,"ハロウィン","480/603","2019-09-23 11:16:42","2019-09-23 11:16:42"
614,"敬老の日","480/603","2019-09-23 11:16:42","2019-09-23 11:16:42"
615,"七五三","480/603","2019-09-23 11:16:42","2019-09-23 11:16:42"
616,"お歳暮","480/603","2019-09-23 11:16:42","2019-09-23 11:16:42"
617,"クリスマス","480/603","2019-09-23 11:16:42","2019-09-23 11:16:42"
618,"冬一般","480/603","2019-09-23 11:16:42","2019-09-23 11:16:42"
619,"その他","480/603","2019-09-23 11:16:42","2019-09-23 11:16:42"
620,"その他",480,"2019-09-23 11:16:42","2019-09-23 11:16:42"
621,"本・音楽・ゲーム",,"2019-09-23 11:16:42","2019-09-23 11:16:42"
622,"本",621,"2019-09-23 11:16:42","2019-09-23 11:16:42"
623,"文学/小説","621/622","2019-09-23 11:16:42","2019-09-23 11:16:42"
624,"人文/社会","621/622","2019-09-23 11:16:42","2019-09-23 11:16:42"
625,"ノンフィクション/教養","621/622","2019-09-23 11:16:42","2019-09-23 11:16:42"
626,"地図/旅行ガイド","621/622","2019-09-23 11:16:42","2019-09-23 11:16:42"
627,"ビジネス/経済","621/622","2019-09-23 11:16:42","2019-09-23 11:16:42"
628,"健康/医学","621/622","2019-09-23 11:16:42","2019-09-23 11:16:42"
629,"コンピュータ/IT","621/622","2019-09-23 11:16:42","2019-09-23 11:16:42"
630,"趣味/スポーツ/実用","621/622","2019-09-23 11:16:42","2019-09-23 11:16:42"
631,"住まい/暮らし/子育て","621/622","2019-09-23 11:16:42","2019-09-23 11:16:42"
632,"アート/エンタメ","621/622","2019-09-23 11:16:42","2019-09-23 11:16:42"
633,"洋書","621/622","2019-09-23 11:16:42","2019-09-23 11:16:42"
634,"絵本","621/622","2019-09-23 11:16:42","2019-09-23 11:16:42"
635,"参考書","621/622","2019-09-23 11:16:42","2019-09-23 11:16:42"
636,"その他","621/622","2019-09-23 11:16:43","2019-09-23 11:16:43"
637,"漫画",621,"2019-09-23 11:16:43","2019-09-23 11:16:43"
638,"全巻セット","621/637","2019-09-23 11:16:43","2019-09-23 11:16:43"
639,"少年漫画","621/637","2019-09-23 11:16:43","2019-09-23 11:16:43"
640,"少女漫画","621/637","2019-09-23 11:16:43","2019-09-23 11:16:43"
641,"青年漫画","621/637","2019-09-23 11:16:43","2019-09-23 11:16:43"
642,"女性漫画","621/637","2019-09-23 11:16:43","2019-09-23 11:16:43"
643,"同人誌","621/637","2019-09-23 11:16:43","2019-09-23 11:16:43"
644,"その他","621/637","2019-09-23 11:16:43","2019-09-23 11:16:43"
645,"雑誌",621,"2019-09-23 11:16:43","2019-09-23 11:16:43"
646,"アート/エンタメ/ホビー","621/645","2019-09-23 11:16:43","2019-09-23 11:16:43"
647,"ファッション","621/645","2019-09-23 11:16:43","2019-09-23 11:16:43"
648,"ニュース/総合","621/645","2019-09-23 11:16:43","2019-09-23 11:16:43"
649,"趣味/スポーツ","621/645","2019-09-23 11:16:43","2019-09-23 11:16:43"
650,"その他","621/645","2019-09-23 11:16:43","2019-09-23 11:16:43"
651,"CD",621,"2019-09-23 11:16:43","2019-09-23 11:16:43"
652,"邦楽","621/651","2019-09-23 11:16:43","2019-09-23 11:16:43"
653,"洋楽","621/651","2019-09-23 11:16:43","2019-09-23 11:16:43"
654,"アニメ","621/651","2019-09-23 11:16:43","2019-09-23 11:16:43"
655,"クラシック","621/651","2019-09-23 11:16:43","2019-09-23 11:16:43"
656,"K-POP/アジア","621/651","2019-09-23 11:16:43","2019-09-23 11:16:43"
657,"キッズ/ファミリー","621/651","2019-09-23 11:16:43","2019-09-23 11:16:43"
658,"その他","621/651","2019-09-23 11:16:43","2019-09-23 11:16:43"
659,"DVD/ブルーレイ",621,"2019-09-23 11:16:43","2019-09-23 11:16:43"
660,"外国映画","621/659","2019-09-23 11:16:43","2019-09-23 11:16:43"
661,"日本映画","621/659","2019-09-23 11:16:43","2019-09-23 11:16:43"
662,"アニメ","621/659","2019-09-23 11:16:43","2019-09-23 11:16:43"
663,"TVドラマ","621/659","2019-09-23 11:16:43","2019-09-23 11:16:43"
664,"ミュージック","621/659","2019-09-23 11:16:43","2019-09-23 11:16:43"
665,"お笑い/バラエティ","621/659","2019-09-23 11:16:43","2019-09-23 11:16:43"
666,"スポーツ/フィットネス","621/659","2019-09-23 11:16:43","2019-09-23 11:16:43"
667,"キッズ/ファミリー","621/659","2019-09-23 11:16:43","2019-09-23 11:16:43"
668,"その他","621/659","2019-09-23 11:16:43","2019-09-23 11:16:43"
669,"レコード",621,"2019-09-23 11:16:43","2019-09-23 11:16:43"
670,"邦楽","621/669","2019-09-23 11:16:43","2019-09-23 11:16:43"
671,"洋楽","621/669","2019-09-23 11:16:43","2019-09-23 11:16:43"
672,"その他","621/669","2019-09-23 11:16:43","2019-09-23 11:16:43"
673,"テレビゲーム",621,"2019-09-23 11:16:43","2019-09-23 11:16:43"
674,"家庭用ゲーム本体","621/673","2019-09-23 11:16:43","2019-09-23 11:16:43"
675,"家庭用ゲームソフト","621/673","2019-09-23 11:16:43","2019-09-23 11:16:43"
676,"携帯用ゲーム本体","621/673","2019-09-23 11:16:43","2019-09-23 11:16:43"
677,"携帯用ゲームソフト","621/673","2019-09-23 11:16:43","2019-09-23 11:16:43"
678,"PCゲーム","621/673","2019-09-23 11:16:43","2019-09-23 11:16:43"
679,"その他","621/673","2019-09-23 11:16:43","2019-09-23 11:16:43"
680,"おもちゃ・ホビー・グッズ",,"2019-09-23 11:16:43","2019-09-23 11:16:43"
681,"おもちゃ",680,"2019-09-23 11:16:44","2019-09-23 11:16:44"
682,"キャラクターグッズ","680/681","2019-09-23 11:16:44","2019-09-23 11:16:44"
683,"ぬいぐるみ","680/681","2019-09-23 11:16:44","2019-09-23 11:16:44"
684,"小物/アクセサリー","680/681","2019-09-23 11:16:44","2019-09-23 11:16:44"
685,"模型/プラモデル","680/681","2019-09-23 11:16:44","2019-09-23 11:16:44"
686,"ミニカー","680/681","2019-09-23 11:16:44","2019-09-23 11:16:44"
687,"トイラジコン","680/681","2019-09-23 11:16:44","2019-09-23 11:16:44"
688,"プラモデル","680/681","2019-09-23 11:16:44","2019-09-23 11:16:44"
689,"ホビーラジコン","680/681","2019-09-23 11:16:44","2019-09-23 11:16:44"
690,"鉄道模型","680/681","2019-09-23 11:16:44","2019-09-23 11:16:44"
691,"その他","680/681","2019-09-23 11:16:44","2019-09-23 11:16:44"
692,"タレントグッズ",680,"2019-09-23 11:16:44","2019-09-23 11:16:44"
693,"アイドル","680/692","2019-09-23 11:16:44","2019-09-23 11:16:44"
694,"ミュージシャン","680/692","2019-09-23 11:16:44","2019-09-23 11:16:44"
695,"タレント/お笑い芸人","680/692","2019-09-23 11:16:44","2019-09-23 11:16:44"
696,"スポーツ選手","680/692","2019-09-23 11:16:44","2019-09-23 11:16:44"
697,"その他","680/692","2019-09-23 11:16:44","2019-09-23 11:16:44"
698,"コミック/アニメグッズ",680,"2019-09-23 11:16:44","2019-09-23 11:16:44"
699,"ストラップ","680/698","2019-09-23 11:16:44","2019-09-23 11:16:44"
700,"キーホルダー","680/698","2019-09-23 11:16:44","2019-09-23 11:16:44"
701,"バッジ","680/698","2019-09-23 11:16:44","2019-09-23 11:16:44"
702,"カード","680/698","2019-09-23 11:16:44","2019-09-23 11:16:44"
703,"クリアファイル","680/698","2019-09-23 11:16:44","2019-09-23 11:16:44"
704,"ポスター","680/698","2019-09-23 11:16:44","2019-09-23 11:16:44"
705,"タオル","680/698","2019-09-23 11:16:44","2019-09-23 11:16:44"
706,"その他","680/698","2019-09-23 11:16:44","2019-09-23 11:16:44"
707,"トレーディングカード",680,"2019-09-23 11:16:44","2019-09-23 11:16:44"
708,"遊戯王","680/707","2019-09-23 11:16:44","2019-09-23 11:16:44"
709,"マジック：ザ・ギャザリング","680/707","2019-09-23 11:16:44","2019-09-23 11:16:44"
710,"ポケモンカードゲーム","680/707","2019-09-23 11:16:44","2019-09-23 11:16:44"
711,"デュエルマスターズ","680/707","2019-09-23 11:16:44","2019-09-23 11:16:44"
712,"バトルスピリッツ","680/707","2019-09-23 11:16:44","2019-09-23 11:16:44"
713,"プリパラ","680/707","2019-09-23 11:16:44","2019-09-23 11:16:44"
714,"アイカツ","680/707","2019-09-23 11:16:44","2019-09-23 11:16:44"
715,"カードファイト!! ヴァンガード","680/707","2019-09-23 11:16:44","2019-09-23 11:16:44"
716,"ヴァイスシュヴァルツ","680/707","2019-09-23 11:16:44","2019-09-23 11:16:44"
717,"プロ野球オーナーズリーグ","680/707","2019-09-23 11:16:44","2019-09-23 11:16:44"
718,"ベースボールヒーローズ","680/707","2019-09-23 11:16:44","2019-09-23 11:16:44"
719,"ドラゴンボール","680/707","2019-09-23 11:16:44","2019-09-23 11:16:44"
720,"スリーブ","680/707","2019-09-23 11:16:44","2019-09-23 11:16:44"
721,"その他","680/707","2019-09-23 11:16:44","2019-09-23 11:16:44"
722,"フィギュア",680,"2019-09-23 11:16:44","2019-09-23 11:16:44"
723,"コミック/アニメ","680/722","2019-09-23 11:16:44","2019-09-23 11:16:44"
724,"特撮","680/722","2019-09-23 11:16:44","2019-09-23 11:16:44"
725,"ゲームキャラクター","680/722","2019-09-23 11:16:45","2019-09-23 11:16:45"
726,"SF/ファンタジー/ホラー","680/722","2019-09-23 11:16:45","2019-09-23 11:16:45"
727,"アメコミ","680/722","2019-09-23 11:16:45","2019-09-23 11:16:45"
728,"スポーツ","680/722","2019-09-23 11:16:45","2019-09-23 11:16:45"
729,"ミリタリー","680/722","2019-09-23 11:16:45","2019-09-23 11:16:45"
730,"その他","680/722","2019-09-23 11:16:45","2019-09-23 11:16:45"
731,"楽器/器材",680,"2019-09-23 11:16:45","2019-09-23 11:16:45"
732,"エレキギター","680/731","2019-09-23 11:16:45","2019-09-23 11:16:45"
733,"アコースティックギター","680/731","2019-09-23 11:16:45","2019-09-23 11:16:45"
734,"ベース","680/731","2019-09-23 11:16:45","2019-09-23 11:16:45"
735,"エフェクター","680/731","2019-09-23 11:16:45","2019-09-23 11:16:45"
736,"アンプ","680/731","2019-09-23 11:16:45","2019-09-23 11:16:45"
737,"弦楽器","680/731","2019-09-23 11:16:45","2019-09-23 11:16:45"
738,"管楽器","680/731","2019-09-23 11:16:45","2019-09-23 11:16:45"
739,"鍵盤楽器","680/731","2019-09-23 11:16:45","2019-09-23 11:16:45"
740,"打楽器","680/731","2019-09-23 11:16:45","2019-09-23 11:16:45"
741,"和楽器","680/731","2019-09-23 11:16:45","2019-09-23 11:16:45"
742,"楽譜/スコア","680/731","2019-09-23 11:16:45","2019-09-23 11:16:45"
743,"レコーディング/PA機器","680/731","2019-09-23 11:16:45","2019-09-23 11:16:45"
744,"DJ機器","680/731","2019-09-23 11:16:45","2019-09-23 11:16:45"
745,"DTM/DAW","680/731","2019-09-23 11:16:45","2019-09-23 11:16:45"
746,"その他","680/731","2019-09-23 11:16:45","2019-09-23 11:16:45"
747,"コレクション",680,"2019-09-23 11:16:45","2019-09-23 11:16:45"
748,"武具","680/747","2019-09-23 11:16:45","2019-09-23 11:16:45"
749,"使用済切手/官製はがき","680/747","2019-09-23 11:16:45","2019-09-23 11:16:45"
750,"旧貨幣/金貨/銀貨/記念硬貨","680/747","2019-09-23 11:16:45","2019-09-23 11:16:45"
751,"印刷物","680/747","2019-09-23 11:16:45","2019-09-23 11:16:45"
752,"ノベルティグッズ","680/747","2019-09-23 11:16:45","2019-09-23 11:16:45"
753,"その他","680/747","2019-09-23 11:16:45","2019-09-23 11:16:45"
754,"ミリタリー",680,"2019-09-23 11:16:45","2019-09-23 11:16:45"
755,"トイガン","680/754","2019-09-23 11:16:45","2019-09-23 11:16:45"
756,"個人装備","680/754","2019-09-23 11:16:45","2019-09-23 11:16:45"
757,"その他","680/754","2019-09-23 11:16:45","2019-09-23 11:16:45"
758,"美術品",680,"2019-09-23 11:16:45","2019-09-23 11:16:45"
759,"陶芸","680/758","2019-09-23 11:16:45","2019-09-23 11:16:45"
760,"ガラス","680/758","2019-09-23 11:16:45","2019-09-23 11:16:45"
761,"漆芸","680/758","2019-09-23 11:16:45","2019-09-23 11:16:45"
762,"金属工芸","680/758","2019-09-23 11:16:45","2019-09-23 11:16:45"
763,"絵画/タペストリ","680/758","2019-09-23 11:16:45","2019-09-23 11:16:45"
764,"版画","680/758","2019-09-23 11:16:45","2019-09-23 11:16:45"
765,"彫刻/オブジェクト","680/758","2019-09-23 11:16:45","2019-09-23 11:16:45"
766,"書","680/758","2019-09-23 11:16:45","2019-09-23 11:16:45"
767,"写真","680/758","2019-09-23 11:16:45","2019-09-23 11:16:45"
768,"その他","680/758","2019-09-23 11:16:45","2019-09-23 11:16:45"
769,"アート用品",680,"2019-09-23 11:16:45","2019-09-23 11:16:45"
770,"画材","680/769","2019-09-23 11:16:45","2019-09-23 11:16:45"
771,"額縁","680/769","2019-09-23 11:16:45","2019-09-23 11:16:45"
772,"その他","680/769","2019-09-23 11:16:45","2019-09-23 11:16:45"
773,"その他",680,"2019-09-23 11:16:45","2019-09-23 11:16:45"
774,"トランプ/UNO","680/773","2019-09-23 11:16:45","2019-09-23 11:16:45"
775,"カルタ/百人一首","680/773","2019-09-23 11:16:45","2019-09-23 11:16:45"
776,"ダーツ","680/773","2019-09-23 11:16:45","2019-09-23 11:16:45"
777,"ビリヤード","680/773","2019-09-23 11:16:45","2019-09-23 11:16:45"
778,"麻雀","680/773","2019-09-23 11:16:45","2019-09-23 11:16:45"
779,"パズル/ジグソーパズル","680/773","2019-09-23 11:16:45","2019-09-23 11:16:45"
780,"囲碁/将棋","680/773","2019-09-23 11:16:45","2019-09-23 11:16:45"
781,"オセロ/チェス","680/773","2019-09-23 11:16:45","2019-09-23 11:16:45"
782,"人生ゲーム","680/773","2019-09-23 11:16:45","2019-09-23 11:16:45"
783,"野球/サッカーゲーム","680/773","2019-09-23 11:16:45","2019-09-23 11:16:45"
784,"スポーツ","680/773","2019-09-23 11:16:46","2019-09-23 11:16:46"
785,"三輪車/乗り物","680/773","2019-09-23 11:16:46","2019-09-23 11:16:46"
786,"ヨーヨー","680/773","2019-09-23 11:16:46","2019-09-23 11:16:46"
787,"模型製作用品","680/773","2019-09-23 11:16:46","2019-09-23 11:16:46"
788,"鉄道","680/773","2019-09-23 11:16:46","2019-09-23 11:16:46"
789,"航空機","680/773","2019-09-23 11:16:46","2019-09-23 11:16:46"
790,"アマチュア無線","680/773","2019-09-23 11:16:46","2019-09-23 11:16:46"
791,"パチンコ/パチスロ","680/773","2019-09-23 11:16:46","2019-09-23 11:16:46"
792,"その他","680/773","2019-09-23 11:16:46","2019-09-23 11:16:46"
793,"コスメ・香水・美容",,"2019-09-23 11:16:46","2019-09-23 11:16:46"
794,"ベースメイク",793,"2019-09-23 11:16:46","2019-09-23 11:16:46"
795,"ファンデーション","793/794","2019-09-23 11:16:46","2019-09-23 11:16:46"
796,"化粧下地","793/794","2019-09-23 11:16:46","2019-09-23 11:16:46"
797,"コントロールカラー","793/794","2019-09-23 11:16:46","2019-09-23 11:16:46"
798,"BBクリーム","793/794","2019-09-23 11:16:46","2019-09-23 11:16:46"
799,"CCクリーム","793/794","2019-09-23 11:16:46","2019-09-23 11:16:46"
800,"コンシーラー","793/794","2019-09-23 11:16:46","2019-09-23 11:16:46"
801,"フェイスパウダー","793/794","2019-09-23 11:16:46","2019-09-23 11:16:46"
802,"トライアルセット/サンプル","793/794","2019-09-23 11:16:46","2019-09-23 11:16:46"
803,"その他","793/794","2019-09-23 11:16:46","2019-09-23 11:16:46"
804,"メイクアップ",793,"2019-09-23 11:16:46","2019-09-23 11:16:46"
805,"アイシャドウ","793/804","2019-09-23 11:16:46","2019-09-23 11:16:46"
806,"口紅","793/804","2019-09-23 11:16:46","2019-09-23 11:16:46"
807,"リップグロス","793/804","2019-09-23 11:16:46","2019-09-23 11:16:46"
808,"リップライナー","793/804","2019-09-23 11:16:46","2019-09-23 11:16:46"
809,"チーク","793/804","2019-09-23 11:16:46","2019-09-23 11:16:46"
810,"フェイスカラー","793/804","2019-09-23 11:16:46","2019-09-23 11:16:46"
811,"マスカラ","793/804","2019-09-23 11:16:46","2019-09-23 11:16:46"
812,"アイライナー","793/804","2019-09-23 11:16:46","2019-09-23 11:16:46"
813,"つけまつげ","793/804","2019-09-23 11:16:46","2019-09-23 11:16:46"
814,"アイブロウペンシル","793/804","2019-09-23 11:16:46","2019-09-23 11:16:46"
815,"パウダーアイブロウ","793/804","2019-09-23 11:16:46","2019-09-23 11:16:46"
816,"眉マスカラ","793/804","2019-09-23 11:16:46","2019-09-23 11:16:46"
817,"トライアルセット/サンプル","793/804","2019-09-23 11:16:46","2019-09-23 11:16:46"
818,"メイク道具/化粧小物","793/804","2019-09-23 11:16:46","2019-09-23 11:16:46"
819,"美顔用品/美顔ローラー","793/804","2019-09-23 11:16:46","2019-09-23 11:16:46"
820,"その他","793/804","2019-09-23 11:16:46","2019-09-23 11:16:46"
821,"ネイルケア",793,"2019-09-23 11:16:46","2019-09-23 11:16:46"
822,"ネイルカラー","793/821","2019-09-23 11:16:46","2019-09-23 11:16:46"
823,"カラージェル","793/821","2019-09-23 11:16:46","2019-09-23 11:16:46"
824,"ネイルベースコート/トップコート","793/821","2019-09-23 11:16:46","2019-09-23 11:16:46"
825,"ネイルアート用品","793/821","2019-09-23 11:16:46","2019-09-23 11:16:46"
826,"ネイルパーツ","793/821","2019-09-23 11:16:46","2019-09-23 11:16:46"
827,"ネイルチップ/付け爪","793/821","2019-09-23 11:16:46","2019-09-23 11:16:46"
828,"手入れ用具","793/821","2019-09-23 11:16:46","2019-09-23 11:16:46"
829,"除光液","793/821","2019-09-23 11:16:46","2019-09-23 11:16:46"
830,"その他","793/821","2019-09-23 11:16:46","2019-09-23 11:16:46"
831,"香水",793,"2019-09-23 11:16:46","2019-09-23 11:16:46"
832,"香水(女性用)","793/831","2019-09-23 11:16:46","2019-09-23 11:16:46"
833,"香水(男性用)","793/831","2019-09-23 11:16:46","2019-09-23 11:16:46"
834,"ユニセックス","793/831","2019-09-23 11:16:46","2019-09-23 11:16:46"
835,"ボディミスト","793/831","2019-09-23 11:16:47","2019-09-23 11:16:47"
836,"その他","793/831","2019-09-23 11:16:47","2019-09-23 11:16:47"
837,"スキンケア/基礎化粧品",793,"2019-09-23 11:16:47","2019-09-23 11:16:47"
838,"化粧水/ローション","793/837","2019-09-23 11:16:47","2019-09-23 11:16:47"
839,"乳液/ミルク","793/837","2019-09-23 11:16:47","2019-09-23 11:16:47"
840,"美容液","793/837","2019-09-23 11:16:47","2019-09-23 11:16:47"
841,"フェイスクリーム","793/837","2019-09-23 11:16:47","2019-09-23 11:16:47"
842,"洗顔料","793/837","2019-09-23 11:16:47","2019-09-23 11:16:47"
843,"クレンジング/メイク落とし","793/837","2019-09-23 11:16:47","2019-09-23 11:16:47"
844,"パック/フェイスマスク","793/837","2019-09-23 11:16:47","2019-09-23 11:16:47"
845,"ジェル/ゲル","793/837","2019-09-23 11:16:47","2019-09-23 11:16:47"
846,"ブースター/導入液","793/837","2019-09-23 11:16:47","2019-09-23 11:16:47"
847,"アイケア","793/837","2019-09-23 11:16:47","2019-09-23 11:16:47"
848,"リップケア","793/837","2019-09-23 11:16:47","2019-09-23 11:16:47"
849,"トライアルセット/サンプル","793/837","2019-09-23 11:16:47","2019-09-23 11:16:47"
850,"洗顔グッズ","793/837","2019-09-23 11:16:47","2019-09-23 11:16:47"
851,"その他","793/837","2019-09-23 11:16:47","2019-09-23 11:16:47"
852,"ヘアケア",793,"2019-09-23 11:16:47","2019-09-23 11:16:47"
853,"シャンプー","793/852","2019-09-23 11:16:47","2019-09-23 11:16:47"
854,"トリートメント","793/852","2019-09-23 11:16:47","2019-09-23 11:16:47"
855,"コンディショナー","793/852","2019-09-23 11:16:47","2019-09-23 11:16:47"
856,"リンス","793/852","2019-09-23 11:16:47","2019-09-23 11:16:47"
857,"スタイリング剤","793/852","2019-09-23 11:16:47","2019-09-23 11:16:47"
858,"カラーリング剤","793/852","2019-09-23 11:16:47","2019-09-23 11:16:47"
859,"ブラシ","793/852","2019-09-23 11:16:47","2019-09-23 11:16:47"
860,"その他","793/852","2019-09-23 11:16:47","2019-09-23 11:16:47"
861,"ボディケア",793,"2019-09-23 11:16:47","2019-09-23 11:16:47"
862,"オイル/クリーム","793/861","2019-09-23 11:16:47","2019-09-23 11:16:47"
863,"ハンドクリーム","793/861","2019-09-23 11:16:47","2019-09-23 11:16:47"
864,"ローション","793/861","2019-09-23 11:16:47","2019-09-23 11:16:47"
865,"日焼け止め/サンオイル","793/861","2019-09-23 11:16:47","2019-09-23 11:16:47"
866,"ボディソープ","793/861","2019-09-23 11:16:47","2019-09-23 11:16:47"
867,"入浴剤","793/861","2019-09-23 11:16:47","2019-09-23 11:16:47"
868,"制汗/デオドラント","793/861","2019-09-23 11:16:47","2019-09-23 11:16:47"
869,"フットケア","793/861","2019-09-23 11:16:47","2019-09-23 11:16:47"
870,"その他","793/861","2019-09-23 11:16:47","2019-09-23 11:16:47"
871,"オーラルケア",793,"2019-09-23 11:16:47","2019-09-23 11:16:47"
872,"口臭防止/エチケット用品","793/871","2019-09-23 11:16:47","2019-09-23 11:16:47"
873,"歯ブラシ","793/871","2019-09-23 11:16:47","2019-09-23 11:16:47"
874,"その他","793/871","2019-09-23 11:16:47","2019-09-23 11:16:47"
875,"リラクゼーション",793,"2019-09-23 11:16:47","2019-09-23 11:16:47"
876,"エッセンシャルオイル","793/875","2019-09-23 11:16:47","2019-09-23 11:16:47"
877,"芳香器","793/875","2019-09-23 11:16:47","2019-09-23 11:16:47"
878,"お香/香炉","793/875","2019-09-23 11:16:47","2019-09-23 11:16:47"
879,"キャンドル","793/875","2019-09-23 11:16:47","2019-09-23 11:16:47"
880,"リラクゼーショングッズ","793/875","2019-09-23 11:16:47","2019-09-23 11:16:47"
881,"その他","793/875","2019-09-23 11:16:47","2019-09-23 11:16:47"
882,"ダイエット",793,"2019-09-23 11:16:47","2019-09-23 11:16:47"
883,"ダイエット食品","793/882","2019-09-23 11:16:47","2019-09-23 11:16:47"
884,"エクササイズ用品","793/882","2019-09-23 11:16:48","2019-09-23 11:16:48"
885,"体重計","793/882","2019-09-23 11:16:48","2019-09-23 11:16:48"
886,"体脂肪計","793/882","2019-09-23 11:16:48","2019-09-23 11:16:48"
887,"その他","793/882","2019-09-23 11:16:48","2019-09-23 11:16:48"
888,"その他",793,"2019-09-23 11:16:48","2019-09-23 11:16:48"
889,"健康用品","793/888","2019-09-23 11:16:48","2019-09-23 11:16:48"
890,"看護/介護用品","793/888","2019-09-23 11:16:48","2019-09-23 11:16:48"
891,"救急/衛生用品","793/888","2019-09-23 11:16:48","2019-09-23 11:16:48"
892,"その他","793/888","2019-09-23 11:16:48","2019-09-23 11:16:48"
893,"家電・スマホ・カメラ",,"2019-09-23 11:16:48","2019-09-23 11:16:48"
894,"スマートフォン/携帯電話",893,"2019-09-23 11:16:48","2019-09-23 11:16:48"
895,"スマートフォン本体","893/894","2019-09-23 11:16:48","2019-09-23 11:16:48"
896,"バッテリー/充電器","893/894","2019-09-23 11:16:48","2019-09-23 11:16:48"
897,"携帯電話本体","893/894","2019-09-23 11:16:48","2019-09-23 11:16:48"
898,"PHS本体","893/894","2019-09-23 11:16:48","2019-09-23 11:16:48"
899,"その他","893/894","2019-09-23 11:16:48","2019-09-23 11:16:48"
900,"スマホアクセサリー",893,"2019-09-23 11:16:48","2019-09-23 11:16:48"
901,"Android用ケース","893/900","2019-09-23 11:16:48","2019-09-23 11:16:48"
902,"iPhone用ケース","893/900","2019-09-23 11:16:48","2019-09-23 11:16:48"
903,"カバー","893/900","2019-09-23 11:16:48","2019-09-23 11:16:48"
904,"イヤホンジャック","893/900","2019-09-23 11:16:48","2019-09-23 11:16:48"
905,"ストラップ","893/900","2019-09-23 11:16:48","2019-09-23 11:16:48"
906,"フィルム","893/900","2019-09-23 11:16:48","2019-09-23 11:16:48"
907,"自撮り棒","893/900","2019-09-23 11:16:48","2019-09-23 11:16:48"
908,"その他","893/900","2019-09-23 11:16:48","2019-09-23 11:16:48"
909,"PC/タブレット",893,"2019-09-23 11:16:48","2019-09-23 11:16:48"
910,"タブレット","893/909","2019-09-23 11:16:48","2019-09-23 11:16:48"
911,"ノートPC","893/909","2019-09-23 11:16:48","2019-09-23 11:16:48"
912,"デスクトップ型PC","893/909","2019-09-23 11:16:48","2019-09-23 11:16:48"
913,"ディスプレイ","893/909","2019-09-23 11:16:48","2019-09-23 11:16:48"
914,"電子ブックリーダー","893/909","2019-09-23 11:16:48","2019-09-23 11:16:48"
915,"PC周辺機器","893/909","2019-09-23 11:16:48","2019-09-23 11:16:48"
916,"PCパーツ","893/909","2019-09-23 11:16:48","2019-09-23 11:16:48"
917,"その他","893/909","2019-09-23 11:16:48","2019-09-23 11:16:48"
918,"カメラ",893,"2019-09-23 11:16:48","2019-09-23 11:16:48"
919,"デジタルカメラ","893/918","2019-09-23 11:16:48","2019-09-23 11:16:48"
920,"ビデオカメラ","893/918","2019-09-23 11:16:48","2019-09-23 11:16:48"
921,"レンズ(単焦点)","893/918","2019-09-23 11:16:48","2019-09-23 11:16:48"
922,"レンズ(ズーム)","893/918","2019-09-23 11:16:48","2019-09-23 11:16:48"
923,"フィルムカメラ","893/918","2019-09-23 11:16:48","2019-09-23 11:16:48"
924,"防犯カメラ","893/918","2019-09-23 11:16:48","2019-09-23 11:16:48"
925,"その他","893/918","2019-09-23 11:16:48","2019-09-23 11:16:48"
926,"テレビ/映像機器",893,"2019-09-23 11:16:49","2019-09-23 11:16:49"
927,"テレビ","893/926","2019-09-23 11:16:49","2019-09-23 11:16:49"
928,"プロジェクター","893/926","2019-09-23 11:16:49","2019-09-23 11:16:49"
929,"ブルーレイレコーダー","893/926","2019-09-23 11:16:49","2019-09-23 11:16:49"
930,"DVDレコーダー","893/926","2019-09-23 11:16:49","2019-09-23 11:16:49"
931,"ブルーレイプレーヤー","893/926","2019-09-23 11:16:49","2019-09-23 11:16:49"
932,"DVDプレーヤー","893/926","2019-09-23 11:16:49","2019-09-23 11:16:49"
933,"映像用ケーブル","893/926","2019-09-23 11:16:49","2019-09-23 11:16:49"
934,"その他","893/926","2019-09-23 11:16:49","2019-09-23 11:16:49"
935,"オーディオ機器",893,"2019-09-23 11:16:49","2019-09-23 11:16:49"
936,"ポータブルプレーヤー","893/935","2019-09-23 11:16:49","2019-09-23 11:16:49"
937,"イヤフォン","893/935","2019-09-23 11:16:49","2019-09-23 11:16:49"
938,"ヘッドフォン","893/935","2019-09-23 11:16:49","2019-09-23 11:16:49"
939,"アンプ","893/935","2019-09-23 11:16:49","2019-09-23 11:16:49"
940,"スピーカー","893/935","2019-09-23 11:16:49","2019-09-23 11:16:49"
941,"ケーブル/シールド","893/935","2019-09-23 11:16:49","2019-09-23 11:16:49"
942,"ラジオ","893/935","2019-09-23 11:16:49","2019-09-23 11:16:49"
943,"その他","893/935","2019-09-23 11:16:49","2019-09-23 11:16:49"
944,"美容/健康",893,"2019-09-23 11:16:49","2019-09-23 11:16:49"
945,"ヘアドライヤー","893/944","2019-09-23 11:16:49","2019-09-23 11:16:49"
946,"ヘアアイロン","893/944","2019-09-23 11:16:49","2019-09-23 11:16:49"
947,"美容機器","893/944","2019-09-23 11:16:49","2019-09-23 11:16:49"
948,"電気シェーバー","893/944","2019-09-23 11:16:49","2019-09-23 11:16:49"
949,"電動歯ブラシ","893/944","2019-09-23 11:16:49","2019-09-23 11:16:49"
950,"その他","893/944","2019-09-23 11:16:49","2019-09-23 11:16:49"
951,"冷暖房/空調",893,"2019-09-23 11:16:49","2019-09-23 11:16:49"
952,"エアコン","893/951","2019-09-23 11:16:49","2019-09-23 11:16:49"
953,"空気清浄器","893/951","2019-09-23 11:16:49","2019-09-23 11:16:49"
954,"加湿器","893/951","2019-09-23 11:16:49","2019-09-23 11:16:49"
955,"扇風機","893/951","2019-09-23 11:16:49","2019-09-23 11:16:49"
956,"除湿機","893/951","2019-09-23 11:16:49","2019-09-23 11:16:49"
957,"ファンヒーター","893/951","2019-09-23 11:16:49","2019-09-23 11:16:49"
958,"電気ヒーター","893/951","2019-09-23 11:16:49","2019-09-23 11:16:49"
959,"オイルヒーター","893/951","2019-09-23 11:16:49","2019-09-23 11:16:49"
960,"ストーブ","893/951","2019-09-23 11:16:49","2019-09-23 11:16:49"
961,"ホットカーペット","893/951","2019-09-23 11:16:49","2019-09-23 11:16:49"
962,"こたつ","893/951","2019-09-23 11:16:49","2019-09-23 11:16:49"
963,"電気毛布","893/951","2019-09-23 11:16:49","2019-09-23 11:16:49"
964,"その他","893/951","2019-09-23 11:16:49","2019-09-23 11:16:49"
965,"生活家電",893,"2019-09-23 11:16:49","2019-09-23 11:16:49"
966,"冷蔵庫","893/965","2019-09-23 11:16:49","2019-09-23 11:16:49"
967,"洗濯機","893/965","2019-09-23 11:16:49","2019-09-23 11:16:49"
968,"炊飯器","893/965","2019-09-23 11:16:49","2019-09-23 11:16:49"
969,"電子レンジ/オーブン","893/965","2019-09-23 11:16:49","2019-09-23 11:16:49"
970,"調理機器","893/965","2019-09-23 11:16:49","2019-09-23 11:16:49"
971,"アイロン","893/965","2019-09-23 11:16:49","2019-09-23 11:16:49"
972,"掃除機","893/965","2019-09-23 11:16:49","2019-09-23 11:16:49"
973,"エスプレッソマシン","893/965","2019-09-23 11:16:49","2019-09-23 11:16:49"
974,"コーヒーメーカー","893/965","2019-09-23 11:16:49","2019-09-23 11:16:49"
975,"衣類乾燥機","893/965","2019-09-23 11:16:49","2019-09-23 11:16:49"
976,"その他","893/965","2019-09-23 11:16:49","2019-09-23 11:16:49"
977,"その他",893,"2019-09-23 11:16:49","2019-09-23 11:16:49"
978,"その他","893/977","2019-09-23 11:16:49","2019-09-23 11:16:49"
979,"スポーツ・レジャー",,"2019-09-23 11:16:50","2019-09-23 11:16:50"
980,"ゴルフ",979,"2019-09-23 11:16:50","2019-09-23 11:16:50"
981,"クラブ","979/980","2019-09-23 11:16:50","2019-09-23 11:16:50"
982,"ウエア(男性用)","979/980","2019-09-23 11:16:50","2019-09-23 11:16:50"
983,"ウエア(女性用)","979/980","2019-09-23 11:16:50","2019-09-23 11:16:50"
984,"バッグ","979/980","2019-09-23 11:16:50","2019-09-23 11:16:50"
985,"シューズ(男性用)","979/980","2019-09-23 11:16:50","2019-09-23 11:16:50"
986,"シューズ(女性用)","979/980","2019-09-23 11:16:50","2019-09-23 11:16:50"
987,"アクセサリー","979/980","2019-09-23 11:16:50","2019-09-23 11:16:50"
988,"その他","979/980","2019-09-23 11:16:50","2019-09-23 11:16:50"
989,"フィッシング",979,"2019-09-23 11:16:50","2019-09-23 11:16:50"
990,"ロッド","979/989","2019-09-23 11:16:50","2019-09-23 11:16:50"
991,"リール","979/989","2019-09-23 11:16:50","2019-09-23 11:16:50"
992,"ルアー用品","979/989","2019-09-23 11:16:50","2019-09-23 11:16:50"
993,"ウエア","979/989","2019-09-23 11:16:50","2019-09-23 11:16:50"
994,"釣り糸/ライン","979/989","2019-09-23 11:16:50","2019-09-23 11:16:50"
995,"その他","979/989","2019-09-23 11:16:50","2019-09-23 11:16:50"
996,"自転車",979,"2019-09-23 11:16:50","2019-09-23 11:16:50"
997,"自転車本体","979/996","2019-09-23 11:16:50","2019-09-23 11:16:50"
998,"ウエア","979/996","2019-09-23 11:16:50","2019-09-23 11:16:50"
999,"パーツ","979/996","2019-09-23 11:16:50","2019-09-23 11:16:50"
1000,"アクセサリー","979/996","2019-09-23 11:16:50","2019-09-23 11:16:50"
1001,"バッグ","979/996","2019-09-23 11:16:50","2019-09-23 11:16:50"
1002,"工具/メンテナンス","979/996","2019-09-23 11:16:50","2019-09-23 11:16:50"
1003,"その他","979/996","2019-09-23 11:16:50","2019-09-23 11:16:50"
1004,"トレーニング/エクササイズ",979,"2019-09-23 11:16:50","2019-09-23 11:16:50"
1005,"ランニング","979/1004","2019-09-23 11:16:50","2019-09-23 11:16:50"
1006,"ウォーキング","979/1004","2019-09-23 11:16:50","2019-09-23 11:16:50"
1007,"ヨガ","979/1004","2019-09-23 11:16:50","2019-09-23 11:16:50"
1008,"トレーニング用品","979/1004","2019-09-23 11:16:50","2019-09-23 11:16:50"
1009,"その他","979/1004","2019-09-23 11:16:50","2019-09-23 11:16:50"
1010,"野球",979,"2019-09-23 11:16:50","2019-09-23 11:16:50"
1011,"ウェア","979/1010","2019-09-23 11:16:50","2019-09-23 11:16:50"
1012,"シューズ","979/1010","2019-09-23 11:16:50","2019-09-23 11:16:50"
1013,"グローブ","979/1010","2019-09-23 11:16:50","2019-09-23 11:16:50"
1014,"バット","979/1010","2019-09-23 11:16:50","2019-09-23 11:16:50"
1015,"アクセサリー","979/1010","2019-09-23 11:16:50","2019-09-23 11:16:50"
1016,"防具","979/1010","2019-09-23 11:16:50","2019-09-23 11:16:50"
1017,"練習機器","979/1010","2019-09-23 11:16:50","2019-09-23 11:16:50"
1018,"記念グッズ","979/1010","2019-09-23 11:16:50","2019-09-23 11:16:50"
1019,"応援グッズ","979/1010","2019-09-23 11:16:50","2019-09-23 11:16:50"
1020,"その他","979/1010","2019-09-23 11:16:50","2019-09-23 11:16:50"
1021,"サッカー/フットサル",979,"2019-09-23 11:16:50","2019-09-23 11:16:50"
1022,"ウェア","979/1021","2019-09-23 11:16:50","2019-09-23 11:16:50"
1023,"シューズ","979/1021","2019-09-23 11:16:50","2019-09-23 11:16:50"
1024,"ボール","979/1021","2019-09-23 11:16:50","2019-09-23 11:16:50"
1025,"アクセサリー","979/1021","2019-09-23 11:16:50","2019-09-23 11:16:50"
1026,"記念グッズ","979/1021","2019-09-23 11:16:50","2019-09-23 11:16:50"
1027,"応援グッズ","979/1021","2019-09-23 11:16:50","2019-09-23 11:16:50"
1028,"その他","979/1021","2019-09-23 11:16:50","2019-09-23 11:16:50"
1029,"テニス",979,"2019-09-23 11:16:50","2019-09-23 11:16:50"
1030,"ラケット(硬式用)","979/1029","2019-09-23 11:16:50","2019-09-23 11:16:50"
1031,"ラケット(軟式用)","979/1029","2019-09-23 11:16:51","2019-09-23 11:16:51"
1032,"ウェア","979/1029","2019-09-23 11:16:51","2019-09-23 11:16:51"
1033,"シューズ","979/1029","2019-09-23 11:16:51","2019-09-23 11:16:51"
1034,"ボール","979/1029","2019-09-23 11:16:51","2019-09-23 11:16:51"
1035,"アクセサリー","979/1029","2019-09-23 11:16:51","2019-09-23 11:16:51"
1036,"記念グッズ","979/1029","2019-09-23 11:16:51","2019-09-23 11:16:51"
1037,"応援グッズ","979/1029","2019-09-23 11:16:51","2019-09-23 11:16:51"
1038,"その他","979/1029","2019-09-23 11:16:51","2019-09-23 11:16:51"
1039,"スノーボード",979,"2019-09-23 11:16:51","2019-09-23 11:16:51"
1040,"ボード","979/1039","2019-09-23 11:16:51","2019-09-23 11:16:51"
1041,"バインディング","979/1039","2019-09-23 11:16:51","2019-09-23 11:16:51"
1042,"ブーツ(男性用)","979/1039","2019-09-23 11:16:51","2019-09-23 11:16:51"
1043,"ブーツ(女性用)","979/1039","2019-09-23 11:16:51","2019-09-23 11:16:51"
1044,"ブーツ(子ども用)","979/1039","2019-09-23 11:16:51","2019-09-23 11:16:51"
1045,"ウエア/装備(男性用)","979/1039","2019-09-23 11:16:51","2019-09-23 11:16:51"
1046,"ウエア/装備(女性用)","979/1039","2019-09-23 11:16:51","2019-09-23 11:16:51"
1047,"ウエア/装備(子ども用)","979/1039","2019-09-23 11:16:51","2019-09-23 11:16:51"
1048,"アクセサリー","979/1039","2019-09-23 11:16:51","2019-09-23 11:16:51"
1049,"バッグ","979/1039","2019-09-23 11:16:51","2019-09-23 11:16:51"
1050,"その他","979/1039","2019-09-23 11:16:51","2019-09-23 11:16:51"
1051,"スキー",979,"2019-09-23 11:16:51","2019-09-23 11:16:51"
1052,"板","979/1051","2019-09-23 11:16:51","2019-09-23 11:16:51"
1053,"ブーツ(男性用)","979/1051","2019-09-23 11:16:51","2019-09-23 11:16:51"
1054,"ブーツ(女性用)","979/1051","2019-09-23 11:16:51","2019-09-23 11:16:51"
1055,"ブーツ(子ども用)","979/1051","2019-09-23 11:16:51","2019-09-23 11:16:51"
1056,"ビンディング","979/1051","2019-09-23 11:16:51","2019-09-23 11:16:51"
1057,"ウエア(男性用)","979/1051","2019-09-23 11:16:51","2019-09-23 11:16:51"
1058,"ウエア(女性用)","979/1051","2019-09-23 11:16:51","2019-09-23 11:16:51"
1059,"ウエア(子ども用)","979/1051","2019-09-23 11:16:51","2019-09-23 11:16:51"
1060,"ストック","979/1051","2019-09-23 11:16:51","2019-09-23 11:16:51"
1061,"その他","979/1051","2019-09-23 11:16:51","2019-09-23 11:16:51"
1062,"その他スポーツ",979,"2019-09-23 11:16:51","2019-09-23 11:16:51"
1063,"ダンス/バレエ","979/1062","2019-09-23 11:16:51","2019-09-23 11:16:51"
1064,"サーフィン","979/1062","2019-09-23 11:16:51","2019-09-23 11:16:51"
1065,"バスケットボール","979/1062","2019-09-23 11:16:51","2019-09-23 11:16:51"
1066,"バドミントン","979/1062","2019-09-23 11:16:51","2019-09-23 11:16:51"
1067,"バレーボール","979/1062","2019-09-23 11:16:51","2019-09-23 11:16:51"
1068,"スケートボード","979/1062","2019-09-23 11:16:51","2019-09-23 11:16:51"
1069,"陸上競技","979/1062","2019-09-23 11:16:51","2019-09-23 11:16:51"
1070,"ラグビー","979/1062","2019-09-23 11:16:51","2019-09-23 11:16:51"
1071,"アメリカンフットボール","979/1062","2019-09-23 11:16:51","2019-09-23 11:16:51"
1072,"ボクシング","979/1062","2019-09-23 11:16:51","2019-09-23 11:16:51"
1073,"ボウリング","979/1062","2019-09-23 11:16:51","2019-09-23 11:16:51"
1074,"その他","979/1062","2019-09-23 11:16:51","2019-09-23 11:16:51"
1075,"アウトドア",979,"2019-09-23 11:16:51","2019-09-23 11:16:51"
1076,"テント/タープ","979/1075","2019-09-23 11:16:51","2019-09-23 11:16:51"
1077,"ライト/ランタン","979/1075","2019-09-23 11:16:51","2019-09-23 11:16:51"
1078,"寝袋/寝具","979/1075","2019-09-23 11:16:51","2019-09-23 11:16:51"
1079,"テーブル/チェア","979/1075","2019-09-23 11:16:51","2019-09-23 11:16:51"
1080,"ストーブ/コンロ","979/1075","2019-09-23 11:16:51","2019-09-23 11:16:51"
1081,"調理器具","979/1075","2019-09-23 11:16:51","2019-09-23 11:16:51"
1082,"食器","979/1075","2019-09-23 11:16:51","2019-09-23 11:16:51"
1083,"登山用品","979/1075","2019-09-23 11:16:51","2019-09-23 11:16:51"
1084,"その他","979/1075","2019-09-23 11:16:51","2019-09-23 11:16:51"
1085,"その他",979,"2019-09-23 11:16:52","2019-09-23 11:16:52"
1086,"旅行用品","979/1085","2019-09-23 11:16:52","2019-09-23 11:16:52"
1087,"その他","979/1085","2019-09-23 11:16:52","2019-09-23 11:16:52"
1088,"ハンドメイド",,"2019-09-23 11:16:52","2019-09-23 11:16:52"
1089,"アクセサリー(女性用)",1088,"2019-09-23 11:16:52","2019-09-23 11:16:52"
1090,"ピアス","1088/1089","2019-09-23 11:16:52","2019-09-23 11:16:52"
1091,"イヤリング","1088/1089","2019-09-23 11:16:52","2019-09-23 11:16:52"
1092,"ネックレス","1088/1089","2019-09-23 11:16:52","2019-09-23 11:16:52"
1093,"ブレスレット","1088/1089","2019-09-23 11:16:52","2019-09-23 11:16:52"
1094,"リング","1088/1089","2019-09-23 11:16:52","2019-09-23 11:16:52"
1095,"チャーム","1088/1089","2019-09-23 11:16:52","2019-09-23 11:16:52"
1096,"ヘアゴム","1088/1089","2019-09-23 11:16:52","2019-09-23 11:16:52"
1097,"アンクレット","1088/1089","2019-09-23 11:16:52","2019-09-23 11:16:52"
1098,"その他","1088/1089","2019-09-23 11:16:52","2019-09-23 11:16:52"
1099,"ファッション/小物",1088,"2019-09-23 11:16:52","2019-09-23 11:16:52"
1100,"バッグ(女性用)","1088/1099","2019-09-23 11:16:52","2019-09-23 11:16:52"
1101,"バッグ(男性用)","1088/1099","2019-09-23 11:16:52","2019-09-23 11:16:52"
1102,"財布(女性用)","1088/1099","2019-09-23 11:16:52","2019-09-23 11:16:52"
1103,"財布(男性用)","1088/1099","2019-09-23 11:16:52","2019-09-23 11:16:52"
1104,"ファッション雑貨","1088/1099","2019-09-23 11:16:52","2019-09-23 11:16:52"
1105,"その他","1088/1099","2019-09-23 11:16:52","2019-09-23 11:16:52"
1106,"アクセサリー/時計",1088,"2019-09-23 11:16:52","2019-09-23 11:16:52"
1107,"アクセサリー(男性用)","1088/1106","2019-09-23 11:16:52","2019-09-23 11:16:52"
1108,"時計(女性用)","1088/1106","2019-09-23 11:16:52","2019-09-23 11:16:52"
1109,"時計(男性用)","1088/1106","2019-09-23 11:16:52","2019-09-23 11:16:52"
1110,"その他","1088/1106","2019-09-23 11:16:52","2019-09-23 11:16:52"
1111,"日用品/インテリア",1088,"2019-09-23 11:16:52","2019-09-23 11:16:52"
1112,"キッチン用品","1088/1111","2019-09-23 11:16:52","2019-09-23 11:16:52"
1113,"家具","1088/1111","2019-09-23 11:16:52","2019-09-23 11:16:52"
1114,"文房具","1088/1111","2019-09-23 11:16:52","2019-09-23 11:16:52"
1115,"アート/写真","1088/1111","2019-09-23 11:16:52","2019-09-23 11:16:52"
1116,"アロマ/キャンドル","1088/1111","2019-09-23 11:16:52","2019-09-23 11:16:52"
1117,"フラワー/ガーデン","1088/1111","2019-09-23 11:16:52","2019-09-23 11:16:52"
1118,"その他","1088/1111","2019-09-23 11:16:52","2019-09-23 11:16:52"
1119,"趣味/おもちゃ",1088,"2019-09-23 11:16:52","2019-09-23 11:16:52"
1120,"クラフト/布製品","1088/1119","2019-09-23 11:16:52","2019-09-23 11:16:52"
1121,"おもちゃ/人形","1088/1119","2019-09-23 11:16:52","2019-09-23 11:16:52"
1122,"その他","1088/1119","2019-09-23 11:16:52","2019-09-23 11:16:52"
1123,"キッズ/ベビー",1088,"2019-09-23 11:16:52","2019-09-23 11:16:52"
1124,"ファッション雑貨","1088/1123","2019-09-23 11:16:52","2019-09-23 11:16:52"
1125,"スタイ/よだれかけ","1088/1123","2019-09-23 11:16:52","2019-09-23 11:16:52"
1126,"外出用品","1088/1123","2019-09-23 11:16:52","2019-09-23 11:16:52"
1127,"ネームタグ","1088/1123","2019-09-23 11:16:52","2019-09-23 11:16:52"
1128,"その他","1088/1123","2019-09-23 11:16:52","2019-09-23 11:16:52"
1129,"素材/材料",1088,"2019-09-23 11:16:52","2019-09-23 11:16:52"
1130,"各種パーツ","1088/1129","2019-09-23 11:16:52","2019-09-23 11:16:52"
1131,"生地/糸","1088/1129","2019-09-23 11:16:52","2019-09-23 11:16:52"
1132,"型紙/パターン","1088/1129","2019-09-23 11:16:52","2019-09-23 11:16:52"
1133,"その他","1088/1129","2019-09-23 11:16:52","2019-09-23 11:16:52"
1134,"二次創作物",1088,"2019-09-23 11:16:52","2019-09-23 11:16:52"
1135,"Ingress","1088/1134","2019-09-23 11:16:53","2019-09-23 11:16:53"
1136,"クリエイターズ宇宙兄弟","1088/1134","2019-09-23 11:16:53","2019-09-23 11:16:53"
1137,"その他",1088,"2019-09-23 11:16:53","2019-09-23 11:16:53"
1138,"チケット",,"2019-09-23 11:16:53","2019-09-23 11:16:53"
1139,"音楽  ",1138,"2019-09-23 11:16:53","2019-09-23 11:16:53"
1140,"男性アイドル","1138/1139","2019-09-23 11:16:53","2019-09-23 11:16:53"
1141,"女性アイドル","1138/1139","2019-09-23 11:16:53","2019-09-23 11:16:53"
1142,"韓流","1138/1139","2019-09-23 11:16:53","2019-09-23 11:16:53"
1143,"国内アーティスト","1138/1139","2019-09-23 11:16:53","2019-09-23 11:16:53"
1144,"海外アーティスト","1138/1139","2019-09-23 11:16:53","2019-09-23 11:16:53"
1145,"音楽フェス","1138/1139","2019-09-23 11:16:53","2019-09-23 11:16:53"
1146,"声優/アニメ","1138/1139","2019-09-23 11:16:53","2019-09-23 11:16:53"
1147,"その他","1138/1139","2019-09-23 11:16:53","2019-09-23 11:16:53"
1148,"スポーツ",1138,"2019-09-23 11:16:53","2019-09-23 11:16:53"
1149,"サッカー","1138/1148","2019-09-23 11:16:53","2019-09-23 11:16:53"
1150,"野球","1138/1148","2019-09-23 11:16:53","2019-09-23 11:16:53"
1151,"テニス","1138/1148","2019-09-23 11:16:53","2019-09-23 11:16:53"
1152,"格闘技/プロレス","1138/1148","2019-09-23 11:16:53","2019-09-23 11:16:53"
1153,"相撲/武道","1138/1148","2019-09-23 11:16:53","2019-09-23 11:16:53"
1154,"ゴルフ","1138/1148","2019-09-23 11:16:53","2019-09-23 11:16:53"
1155,"バレーボール","1138/1148","2019-09-23 11:16:53","2019-09-23 11:16:53"
1156,"バスケットボール","1138/1148","2019-09-23 11:16:53","2019-09-23 11:16:53"
1157,"モータースポーツ","1138/1148","2019-09-23 11:16:53","2019-09-23 11:16:53"
1158,"ウィンタースポーツ","1138/1148","2019-09-23 11:16:53","2019-09-23 11:16:53"
1159,"その他","1138/1148","2019-09-23 11:16:53","2019-09-23 11:16:53"
1160,"演劇/芸能",1138,"2019-09-23 11:16:53","2019-09-23 11:16:53"
1161,"ミュージカル","1138/1160","2019-09-23 11:16:53","2019-09-23 11:16:53"
1162,"演劇","1138/1160","2019-09-23 11:16:53","2019-09-23 11:16:53"
1163,"伝統芸能","1138/1160","2019-09-23 11:16:53","2019-09-23 11:16:53"
1164,"落語","1138/1160","2019-09-23 11:16:53","2019-09-23 11:16:53"
1165,"お笑い","1138/1160","2019-09-23 11:16:53","2019-09-23 11:16:53"
1166,"オペラ","1138/1160","2019-09-23 11:16:53","2019-09-23 11:16:53"
1167,"サーカス","1138/1160","2019-09-23 11:16:53","2019-09-23 11:16:53"
1168,"バレエ","1138/1160","2019-09-23 11:16:53","2019-09-23 11:16:53"
1169,"その他","1138/1160","2019-09-23 11:16:53","2019-09-23 11:16:53"
1170,"イベント",1138,"2019-09-23 11:16:53","2019-09-23 11:16:53"
1171,"声優/アニメ","1138/1170","2019-09-23 11:16:53","2019-09-23 11:16:53"
1172,"キッズ/ファミリー","1138/1170","2019-09-23 11:16:53","2019-09-23 11:16:53"
1173,"トークショー/講演会","1138/1170","2019-09-23 11:16:53","2019-09-23 11:16:53"
1174,"その他","1138/1170","2019-09-23 11:16:53","2019-09-23 11:16:53"
1175,"映画",1138,"2019-09-23 11:16:53","2019-09-23 11:16:53"
1176,"邦画","1138/1175","2019-09-23 11:16:53","2019-09-23 11:16:53"
1177,"洋画","1138/1175","2019-09-23 11:16:53","2019-09-23 11:16:53"
1178,"その他","1138/1175","2019-09-23 11:16:53","2019-09-23 11:16:53"
1179,"施設利用券",1138,"2019-09-23 11:16:53","2019-09-23 11:16:53"
1180,"遊園地/テーマパーク","1138/1179","2019-09-23 11:16:53","2019-09-23 11:16:53"
1181,"美術館/博物館","1138/1179","2019-09-23 11:16:53","2019-09-23 11:16:53"
1182,"スキー場","1138/1179","2019-09-23 11:16:53","2019-09-23 11:16:53"
1183,"ゴルフ場","1138/1179","2019-09-23 11:16:53","2019-09-23 11:16:53"
1184,"フィットネスクラブ","1138/1179","2019-09-23 11:16:53","2019-09-23 11:16:53"
1185,"プール","1138/1179","2019-09-23 11:16:53","2019-09-23 11:16:53"
1186,"ボウリング場","1138/1179","2019-09-23 11:16:53","2019-09-23 11:16:53"
1187,"水族館","1138/1179","2019-09-23 11:16:53","2019-09-23 11:16:53"
1188,"動物園","1138/1179","2019-09-23 11:16:53","2019-09-23 11:16:53"
1189,"その他","1138/1179","2019-09-23 11:16:53","2019-09-23 11:16:53"
1190,"優待券/割引券",1138,"2019-09-23 11:16:53","2019-09-23 11:16:53"
1191,"ショッピング","1138/1190","2019-09-23 11:16:53","2019-09-23 11:16:53"
1192,"レストラン/食事券","1138/1190","2019-09-23 11:16:54","2019-09-23 11:16:54"
1193,"フード/ドリンク券","1138/1190","2019-09-23 11:16:54","2019-09-23 11:16:54"
1194,"宿泊券","1138/1190","2019-09-23 11:16:54","2019-09-23 11:16:54"
1195,"その他","1138/1190","2019-09-23 11:16:54","2019-09-23 11:16:54"
1196,"その他",1138,"2019-09-23 11:16:54","2019-09-23 11:16:54"
1197,"自動車・オートバイ",,"2019-09-23 11:16:54","2019-09-23 11:16:54"
1198,"自動車本体",1197,"2019-09-23 11:16:54","2019-09-23 11:16:54"
1199,"国内自動車本体","1197/1198","2019-09-23 11:16:54","2019-09-23 11:16:54"
1200,"外国自動車本体","1197/1198","2019-09-23 11:16:54","2019-09-23 11:16:54"
1201,"自動車タイヤ/ホイール",1197,"2019-09-23 11:16:54","2019-09-23 11:16:54"
1202,"タイヤ/ホイールセット","1197/1201","2019-09-23 11:16:54","2019-09-23 11:16:54"
1203,"タイヤ","1197/1201","2019-09-23 11:16:54","2019-09-23 11:16:54"
1204,"ホイール","1197/1201","2019-09-23 11:16:54","2019-09-23 11:16:54"
1205,"その他","1197/1201","2019-09-23 11:16:54","2019-09-23 11:16:54"
1206,"自動車パーツ",1197,"2019-09-23 11:16:54","2019-09-23 11:16:54"
1207,"サスペンション","1197/1206","2019-09-23 11:16:54","2019-09-23 11:16:54"
1208,"ブレーキ","1197/1206","2019-09-23 11:16:54","2019-09-23 11:16:54"
1209,"外装、エアロパーツ","1197/1206","2019-09-23 11:16:54","2019-09-23 11:16:54"
1210,"ライト","1197/1206","2019-09-23 11:16:54","2019-09-23 11:16:54"
1211,"内装品、シート","1197/1206","2019-09-23 11:16:54","2019-09-23 11:16:54"
1212,"ステアリング","1197/1206","2019-09-23 11:16:54","2019-09-23 11:16:54"
1213,"マフラー・排気系","1197/1206","2019-09-23 11:16:54","2019-09-23 11:16:54"
1214,"エンジン、過給器、冷却装置","1197/1206","2019-09-23 11:16:54","2019-09-23 11:16:54"
1215,"クラッチ、ミッション、駆動系","1197/1206","2019-09-23 11:16:54","2019-09-23 11:16:54"
1216,"電装品","1197/1206","2019-09-23 11:16:54","2019-09-23 11:16:54"
1217,"補強パーツ","1197/1206","2019-09-23 11:16:54","2019-09-23 11:16:54"
1218,"汎用パーツ","1197/1206","2019-09-23 11:16:54","2019-09-23 11:16:54"
1219,"外国自動車用パーツ","1197/1206","2019-09-23 11:16:54","2019-09-23 11:16:54"
1220,"その他","1197/1206","2019-09-23 11:16:54","2019-09-23 11:16:54"
1221,"自動車アクセサリー",1197,"2019-09-23 11:16:54","2019-09-23 11:16:54"
1222,"車内アクセサリー","1197/1221","2019-09-23 11:16:54","2019-09-23 11:16:54"
1223,"カーナビ","1197/1221","2019-09-23 11:16:54","2019-09-23 11:16:54"
1224,"カーオーディオ","1197/1221","2019-09-23 11:16:54","2019-09-23 11:16:54"
1225,"車外アクセサリー","1197/1221","2019-09-23 11:16:54","2019-09-23 11:16:54"
1226,"メンテナンス用品","1197/1221","2019-09-23 11:16:54","2019-09-23 11:16:54"
1227,"チャイルドシート","1197/1221","2019-09-23 11:16:54","2019-09-23 11:16:54"
1228,"ドライブレコーダー","1197/1221","2019-09-23 11:16:54","2019-09-23 11:16:54"
1229,"レーダー探知機","1197/1221","2019-09-23 11:16:54","2019-09-23 11:16:54"
1230,"カタログ/マニュアル","1197/1221","2019-09-23 11:16:54","2019-09-23 11:16:54"
1231,"セキュリティ","1197/1221","2019-09-23 11:16:54","2019-09-23 11:16:54"
1232,"ETC","1197/1221","2019-09-23 11:16:54","2019-09-23 11:16:54"
1233,"その他","1197/1221","2019-09-23 11:16:54","2019-09-23 11:16:54"
1234,"オートバイ車体",1197,"2019-09-23 11:16:54","2019-09-23 11:16:54"
1235,"オートバイパーツ",1197,"2019-09-23 11:16:54","2019-09-23 11:16:54"
1236,"タイヤ","1197/1235","2019-09-23 11:16:54","2019-09-23 11:16:54"
1237,"マフラー","1197/1235","2019-09-23 11:16:54","2019-09-23 11:16:54"
1238,"エンジン、冷却装置","1197/1235","2019-09-23 11:16:54","2019-09-23 11:16:54"
1239,"カウル、フェンダー、外装","1197/1235","2019-09-23 11:16:54","2019-09-23 11:16:54"
1240,"サスペンション","1197/1235","2019-09-23 11:16:54","2019-09-23 11:16:54"
1241,"ホイール","1197/1235","2019-09-23 11:16:55","2019-09-23 11:16:55"
1242,"シート","1197/1235","2019-09-23 11:16:55","2019-09-23 11:16:55"
1243,"ブレーキ","1197/1235","2019-09-23 11:16:55","2019-09-23 11:16:55"
1244,"タンク","1197/1235","2019-09-23 11:16:55","2019-09-23 11:16:55"
1245,"ライト、ウィンカー","1197/1235","2019-09-23 11:16:55","2019-09-23 11:16:55"
1246,"チェーン、スプロケット、駆動系","1197/1235","2019-09-23 11:16:55","2019-09-23 11:16:55"
1247,"メーター","1197/1235","2019-09-23 11:16:55","2019-09-23 11:16:55"
1248,"電装系","1197/1235","2019-09-23 11:16:55","2019-09-23 11:16:55"
1249,"ミラー","1197/1235","2019-09-23 11:16:55","2019-09-23 11:16:55"
1250,"外国オートバイ用パーツ","1197/1235","2019-09-23 11:16:55","2019-09-23 11:16:55"
1251,"その他","1197/1235","2019-09-23 11:16:55","2019-09-23 11:16:55"
1252,"オートバイアクセサリー",1197,"2019-09-23 11:16:55","2019-09-23 11:16:55"
1253,"ヘルメット/シールド","1197/1252","2019-09-23 11:16:55","2019-09-23 11:16:55"
1254,"バイクウエア/装備","1197/1252","2019-09-23 11:16:55","2019-09-23 11:16:55"
1255,"アクセサリー","1197/1252","2019-09-23 11:16:55","2019-09-23 11:16:55"
1256,"メンテナンス","1197/1252","2019-09-23 11:16:55","2019-09-23 11:16:55"
1257,"カタログ/マニュアル","1197/1252","2019-09-23 11:16:55","2019-09-23 11:16:55"
1258,"その他","1197/1252","2019-09-23 11:16:55","2019-09-23 11:16:55"
1259,"その他",,"2019-09-23 11:16:55","2019-09-23 11:16:55"
1260,"まとめ売り",1259,"2019-09-23 11:16:55","2019-09-23 11:16:55"
1261,"ペット用品",1259,"2019-09-23 11:16:55","2019-09-23 11:16:55"
1262,"ペットフード","1259/1261","2019-09-23 11:16:55","2019-09-23 11:16:55"
1263,"犬用品","1259/1261","2019-09-23 11:16:55","2019-09-23 11:16:55"
1264,"猫用品","1259/1261","2019-09-23 11:16:55","2019-09-23 11:16:55"
1265,"魚用品/水草","1259/1261","2019-09-23 11:16:55","2019-09-23 11:16:55"
1266,"小動物用品","1259/1261","2019-09-23 11:16:55","2019-09-23 11:16:55"
1267,"爬虫類/両生類用品","1259/1261","2019-09-23 11:16:55","2019-09-23 11:16:55"
1268,"かご/おり","1259/1261","2019-09-23 11:16:55","2019-09-23 11:16:55"
1269,"鳥用品","1259/1261","2019-09-23 11:16:55","2019-09-23 11:16:55"
1270,"虫類用品","1259/1261","2019-09-23 11:16:55","2019-09-23 11:16:55"
1271,"その他","1259/1261","2019-09-23 11:16:55","2019-09-23 11:16:55"
1272,"食品",1259,"2019-09-23 11:16:55","2019-09-23 11:16:55"
1273,"菓子","1259/1272","2019-09-23 11:16:55","2019-09-23 11:16:55"
1274,"米","1259/1272","2019-09-23 11:16:55","2019-09-23 11:16:55"
1275,"野菜","1259/1272","2019-09-23 11:16:55","2019-09-23 11:16:55"
1276,"果物","1259/1272","2019-09-23 11:16:55","2019-09-23 11:16:55"
1277,"調味料","1259/1272","2019-09-23 11:16:55","2019-09-23 11:16:55"
1278,"魚介類(加工食品)","1259/1272","2019-09-23 11:16:55","2019-09-23 11:16:55"
1279,"肉類(加工食品)","1259/1272","2019-09-23 11:16:55","2019-09-23 11:16:55"
1280,"その他 加工食品","1259/1272","2019-09-23 11:16:55","2019-09-23 11:16:55"
1281,"その他","1259/1272","2019-09-23 11:16:55","2019-09-23 11:16:55"
1282,"飲料/酒",1259,"2019-09-23 11:16:55","2019-09-23 11:16:55"
1283,"コーヒー","1259/1282","2019-09-23 11:16:55","2019-09-23 11:16:55"
1284,"ソフトドリンク","1259/1282","2019-09-23 11:16:55","2019-09-23 11:16:55"
1285,"ミネラルウォーター","1259/1282","2019-09-23 11:16:55","2019-09-23 11:16:55"
1286,"茶","1259/1282","2019-09-23 11:16:55","2019-09-23 11:16:55"
1287,"ウイスキー","1259/1282","2019-09-23 11:16:56","2019-09-23 11:16:56"
1288,"ワイン","1259/1282","2019-09-23 11:16:56","2019-09-23 11:16:56"
1289,"ブランデー","1259/1282","2019-09-23 11:16:56","2019-09-23 11:16:56"
1290,"焼酎","1259/1282","2019-09-23 11:16:56","2019-09-23 11:16:56"
1291,"日本酒","1259/1282","2019-09-23 11:16:56","2019-09-23 11:16:56"
1292,"ビール、発泡酒","1259/1282","2019-09-23 11:16:56","2019-09-23 11:16:56"
1293,"その他","1259/1282","2019-09-23 11:16:56","2019-09-23 11:16:56"
1294,"日用品/生活雑貨/旅行",1259,"2019-09-23 11:16:56","2019-09-23 11:16:56"
1295,"タオル/バス用品","1259/1294","2019-09-23 11:16:56","2019-09-23 11:16:56"
1296,"日用品/生活雑貨","1259/1294","2019-09-23 11:16:56","2019-09-23 11:16:56"
1297,"洗剤/柔軟剤","1259/1294","2019-09-23 11:16:56","2019-09-23 11:16:56"
1298,"旅行用品","1259/1294","2019-09-23 11:16:56","2019-09-23 11:16:56"
1299,"防災関連グッズ","1259/1294","2019-09-23 11:16:56","2019-09-23 11:16:56"
1300,"その他","1259/1294","2019-09-23 11:16:56","2019-09-23 11:16:56"
1301,"アンティーク/コレクション",1259,"2019-09-23 11:16:56","2019-09-23 11:16:56"
1302,"雑貨","1259/1301","2019-09-23 11:16:56","2019-09-23 11:16:56"
1303,"工芸品","1259/1301","2019-09-23 11:16:56","2019-09-23 11:16:56"
1304,"家具","1259/1301","2019-09-23 11:16:56","2019-09-23 11:16:56"
1305,"印刷物","1259/1301","2019-09-23 11:16:56","2019-09-23 11:16:56"
1306,"その他","1259/1301","2019-09-23 11:16:56","2019-09-23 11:16:56"
1307,"文房具/事務用品",1259,"2019-09-23 11:16:56","2019-09-23 11:16:56"
1308,"筆記具","1259/1307","2019-09-23 11:16:56","2019-09-23 11:16:56"
1309,"ノート/メモ帳","1259/1307","2019-09-23 11:16:56","2019-09-23 11:16:56"
1310,"テープ/マスキングテープ","1259/1307","2019-09-23 11:16:56","2019-09-23 11:16:56"
1311,"カレンダー/スケジュール","1259/1307","2019-09-23 11:16:56","2019-09-23 11:16:56"
1312,"アルバム/スクラップ","1259/1307","2019-09-23 11:16:56","2019-09-23 11:16:56"
1313,"ファイル/バインダー","1259/1307","2019-09-23 11:16:56","2019-09-23 11:16:56"
1314,"はさみ/カッター","1259/1307","2019-09-23 11:16:56","2019-09-23 11:16:56"
1315,"カードホルダー/名刺管理","1259/1307","2019-09-23 11:16:56","2019-09-23 11:16:56"
1316,"のり/ホッチキス","1259/1307","2019-09-23 11:16:56","2019-09-23 11:16:56"
1317,"その他","1259/1307","2019-09-23 11:16:56","2019-09-23 11:16:56"
1318,"事務/店舗用品",1259,"2019-09-23 11:16:56","2019-09-23 11:16:56"
1319,"オフィス用品一般","1259/1318","2019-09-23 11:16:56","2019-09-23 11:16:56"
1320,"オフィス家具","1259/1318","2019-09-23 11:16:56","2019-09-23 11:16:56"
1321,"店舗用品","1259/1318","2019-09-23 11:16:56","2019-09-23 11:16:56"
1322,"OA機器","1259/1318","2019-09-23 11:16:56","2019-09-23 11:16:56"
1323,"ラッピング/包装","1259/1318","2019-09-23 11:16:56","2019-09-23 11:16:56"
1324,"その他","1259/1318","2019-09-23 11:16:56","2019-09-23 11:16:56"
1325,"その他",1259,"2019-09-23 11:16:56","2019-09-23 11:16:56"
